run_id,variant,start,cell_id,cost_basis,eta_regen,mass_scenario,dem_scale,neighbourhood_constraint,time_limit_s,seed,solver_objective,E_dem_wh,E_planar_wh,km,climb_m,mean_direction_asymmetry,max_direction_asymmetry,friction_share_pct,planar_error_pct,voti_vs_distance_wh,voti_vs_distance_pct,voti_vs_planar_wh,voti_vs_planar_pct,jaccard_planar_vs_dem,stops_changing_line_planar_vs_dem,kendall_tau_planar_vs_dem,jaccard_distance_vs_dem,stops_changing_line_distance_vs_dem,jaccard_vs_constrained,stops_changing_line_vs_constrained,lines,min_route_stops,max_route_stops,E_dem_start_wh,km_start,improvement_over_start_wh,improvement_over_start_pct,jaccard_vs_start,stops_changing_line_vs_start,kendall_tau_vs_start
2026-09-29-urgup,on,constrained_main_run,A-distance,distance,0.5,average,1.0,on,15,42,594554.0,33940.0,21862.5,81.838,1845.9,0.027,0.0567,3.7,-35.58,,,,,,,,,,1.0,0,8,5,25,,,,,,,
2026-09-29-urgup,on,constrained_main_run,A-planar-average,energy-planar,0.5,average,1.0,on,15,42,534568.0,34158.9,21851.7,81.975,1871.3,0.0249,0.0567,3.62,-36.03,,,,,,,,,,1.0,0,8,5,25,,,,,,,
2026-09-29-urgup,on,constrained_main_run,A-dem-eta0.5-average,energy-dem,0.5,average,1.0,on,15,42,598776.0,33063.4,22375.0,83.8,1783.9,0.0569,0.2411,2.64,-32.33,876.6,2.58,1095.5,3.21,1.0,0,0.598,1.0,0,1.0,0,8,5,25,,,,,,,
2026-09-29-urgup,on,constrained_main_run,A-distance,distance,0.7,average,1.0,on,15,42,594554.0,30729.6,21862.5,81.838,1845.9,0.0296,0.0642,4.08,-28.86,,,,,,,,,,1.0,0,8,5,25,,,,,,,
2026-09-29-urgup,on,constrained_main_run,A-planar-average,energy-planar,0.7,average,1.0,on,15,42,534568.0,30843.3,21851.7,81.975,1871.3,0.027,0.0642,4.01,-29.15,,,,,,,,,,1.0,0,8,5,25,,,,,,,
2026-09-29-urgup,on,constrained_main_run,A-dem-eta0.7-average,energy-dem,0.7,average,1.0,on,15,42,643973.0,29228.0,21724.1,81.331,1766.1,0.0329,0.0864,2.54,-25.67,1501.6,4.89,1615.3,5.24,0.969,1,0.8137,0.969,1,1.0,0,8,4,25,,,,,,,
2026-09-29-urgup,on,constrained_main_run,A-distance,distance,0.5,average,1.5,on,15,42,594554.0,41679.0,21862.5,81.838,2649.8,0.0405,0.1025,7.45,-47.55,,,,,,,,,,1.0,0,8,5,25,,,,,,,
2026-09-29-urgup,on,constrained_main_run,A-planar-average,energy-planar,0.5,average,1.5,on,15,42,534568.0,41975.7,21851.7,81.975,2686.5,0.0358,0.1025,7.36,-47.94,,,,,,,,,,1.0,0,8,5,25,,,,,,,
2026-09-29-urgup,on,constrained_main_run,C-dem-scale1.5,energy-dem,0.5,average,1.5,on,15,42,668014.0,38440.8,22161.4,83.019,2452.8,0.0625,0.1318,6.04,-42.35,3238.2,7.77,3534.9,8.42,0.969,1,0.5222,0.969,1,1.0,0,8,4,25,,,,,,,
2026-09-29-urgup,on,constrained_main_run,A-distance,distance,0.5,average,2.0,on,15,42,594554.0,48597.4,21862.5,81.838,3327.7,0.053,0.1153,10.65,-55.01,,,,,,,,,,1.0,0,8,5,25,,,,,,,
2026-09-29-urgup,on,constrained_main_run,A-planar-average,energy-planar,0.5,average,2.0,on,15,42,534568.0,48940.0,21851.7,81.975,3371.4,0.0425,0.1153,10.61,-55.35,,,,,,,,,,1.0,0,8,5,25,,,,,,,
2026-09-29-urgup,on,constrained_main_run,C-dem-scale2.0,energy-dem,0.5,average,2.0,on,15,42,721212.0,43261.5,22472.9,84.246,3010.4,0.1001,0.1946,9.16,-48.05,5335.9,10.98,5678.5,11.6,0.969,1,0.5038,0.969,1,1.0,0,8,4,25,,,,,,,
2026-10-R1,off_cold_15,cold,E2-off-distance,distance,0.5,average,1.0,off,15,42,555643.0,37075.0,24338.4,88.927,1987.6,0.014,0.0404,3.42,-34.35,,,,,,,,,,0.3299,57,8,1,40,,,,,,,
2026-10-R1,off_cold_15,cold,E2-off-planar-average,energy-planar,0.5,average,1.0,off,15,42,489107.0,39206.4,24953.2,93.57,2176.3,0.0144,0.0631,3.14,-36.35,,,,,,,,,,0.2594,70,8,1,37,,,,,,,
2026-10-R1,off_cold_15,cold,E2-off-dem-eta0.5-average,energy-dem,0.5,average,1.0,off,15,42,553631.0,34723.8,22998.9,85.114,1884.1,0.0204,0.0607,3.23,-33.77,2351.2,6.34,4482.6,11.43,0.3621,62,0.1513,0.3826,61,0.3516,60,8,1,54,,,,,,,
2026-10-R1,off_cold_15,cold,E2-off-distance,distance,0.7,average,1.0,off,15,42,555643.0,33672.2,24338.4,88.927,1987.6,0.015,0.0492,3.77,-27.72,,,,,,,,,,0.3299,57,8,1,40,,,,,,,
2026-10-R1,off_cold_15,cold,E2-off-planar-average,energy-planar,0.7,average,1.0,off,15,42,489107.0,35315.7,24953.2,93.57,2176.3,0.0166,0.0673,3.48,-29.34,,,,,,,,,,0.2594,70,8,1,37,,,,,,,
2026-10-R1,off_cold_15,cold,E2-off-dem-eta0.7-average,energy-dem,0.7,average,1.0,off,15,42,675358.0,33828.3,25998.7,96.311,1905.4,0.0264,0.0807,2.08,-23.15,-156.1,-0.46,1487.4,4.21,0.1686,71,0.6124,0.3091,66,0.1594,82,8,1,55,,,,,,,
2026-10-R1,off_cold_15,cold,E2-off-distance,distance,0.5,average,1.5,off,15,42,555643.0,45143.8,24338.4,88.927,2841.5,0.0173,0.0635,7.47,-46.09,,,,,,,,,,0.3299,57,8,1,40,,,,,,,
2026-10-R1,off_cold_15,cold,E2-off-planar-average,energy-planar,0.5,average,1.5,off,15,42,489107.0,48035.4,24953.2,93.57,3113.4,0.0213,0.0777,7.01,-48.05,,,,,,,,,,0.2594,70,8,1,37,,,,,,,
2026-10-R1,off_cold_15,cold,E2-off-dem-scale1.5,energy-dem,0.5,average,1.5,off,15,42,669158.0,39075.6,22968.5,85.78,2442.7,0.0476,0.1285,5.78,-41.22,6068.2,13.44,8959.8,18.65,0.4361,53,-0.2348,0.4545,51,0.2866,64,8,1,46,,,,,,,
2026-10-R1,off_cold_15,cold,E2-off-distance,distance,0.5,average,2.0,off,15,42,555643.0,52033.6,24338.4,88.927,3536.6,0.0216,0.0601,11.2,-53.23,,,,,,,,,,0.3299,57,8,1,40,,,,,,,
2026-10-R1,off_cold_15,cold,E2-off-planar-average,energy-planar,0.5,average,2.0,off,15,42,489107.0,55538.1,24953.2,93.57,3874.1,0.0246,0.0867,10.57,-55.07,,,,,,,,,,0.2594,70,8,1,37,,,,,,,
2026-10-R1,off_cold_15,cold,E2-off-dem-scale2.0,energy-dem,0.5,average,2.0,off,15,42,726681.0,46979.0,25262.7,93.332,3192.9,0.0712,0.1876,8.56,-46.23,5054.6,9.71,8559.1,15.41,0.1796,71,0.3567,0.3436,66,0.2356,73,8,1,54,,,,,,,
2026-10-R1,off_warm_15,warm_from_constrained,E2-off_warm_15-distance,distance,0.5,average,1.0,off,15,42,537259.0,31686.3,19925.8,74.105,1802.1,0.0104,0.0462,3.61,-37.12,,,,,,,,,,0.3284,60,8,1,50,,,,,,,
2026-10-R1,off_warm_15,warm_from_constrained,E2-off_warm_15-planar-average,energy-planar,0.5,average,1.0,off,15,42,482876.0,31735.4,19737.7,73.779,1816.8,0.0078,0.0359,3.57,-37.81,,,,,,,,,,0.4465,50,8,1,52,,,,,,,
2026-10-R1,off_warm_15,warm_from_constrained,E2-off_warm_15-dem-eta0.5-average,energy-dem,0.5,average,1.0,off,15,42,547607.0,31454.9,20371.5,75.864,1769.2,0.0208,0.0428,3.39,-35.24,231.4,0.73,280.5,0.88,0.5821,35,0.3339,0.5159,42,0.2629,68,8,1,63,,,,,,,
2026-10-R1,off_warm_15,warm_from_constrained,E2-off_warm_15-distance,distance,0.7,average,1.0,off,15,42,537259.0,28470.6,19925.8,74.105,1802.1,0.011,0.0408,4.01,-30.01,,,,,,,,,,0.3284,60,8,1,50,,,,,,,
2026-10-R1,off_warm_15,warm_from_constrained,E2-off_warm_15-planar-average,energy-planar,0.7,average,1.0,off,15,42,482876.0,28440.9,19737.7,73.779,1816.8,0.007,0.0265,3.98,-30.6,,,,,,,,,,0.4465,50,8,1,52,,,,,,,
2026-10-R1,off_warm_15,warm_from_constrained,E2-off_warm_15-dem-eta0.7-average,energy-dem,0.7,average,1.0,off,15,42,593447.0,28259.8,20187.1,75.234,1777.9,0.0226,0.0459,3.9,-28.57,210.8,0.74,181.1,0.64,0.4957,39,0.3318,0.4264,36,0.2963,72,8,1,59,,,,,,,
2026-10-R1,off_warm_15,warm_from_constrained,E2-off_warm_15-distance,distance,0.5,average,1.5,off,15,42,537259.0,38769.6,19925.8,74.105,2555.0,0.0198,0.0616,8.12,-48.6,,,,,,,,,,0.3284,60,8,1,50,,,,,,,
2026-10-R1,off_warm_15,warm_from_constrained,E2-off_warm_15-planar-average,energy-planar,0.5,average,1.5,off,15,42,482876.0,38993.8,19737.7,73.779,2581.3,0.0118,0.0371,7.89,-49.38,,,,,,,,,,0.4465,50,8,1,52,,,,,,,
2026-10-R1,off_warm_15,warm_from_constrained,E2-off_warm_15-dem-scale1.5,energy-dem,0.5,average,1.5,off,15,42,617710.0,37654.4,21304.1,79.633,2446.0,0.0454,0.1227,5.98,-43.42,1115.2,2.88,1339.4,3.43,0.5372,50,0.0511,0.503,47,0.3244,69,8,1,59,,,,,,,
2026-10-R1,off_warm_15,warm_from_constrained,E2-off_warm_15-distance,distance,0.5,average,2.0,off,15,42,537259.0,44808.4,19925.8,74.105,3157.7,0.0283,0.0842,12.24,-55.53,,,,,,,,,,0.3284,60,8,1,50,,,,,,,
2026-10-R1,off_warm_15,warm_from_constrained,E2-off_warm_15-planar-average,energy-planar,0.5,average,2.0,off,15,42,482876.0,44996.6,19737.7,73.779,3186.4,0.0117,0.0397,11.85,-56.14,,,,,,,,,,0.4465,50,8,1,52,,,,,,,
2026-10-R1,off_warm_15,warm_from_constrained,E2-off_warm_15-dem-scale2.0,energy-dem,0.5,average,2.0,off,15,42,670522.0,42054.4,21379.7,80.189,2991.8,0.0753,0.1963,9.06,-49.16,2754.0,6.15,2942.2,6.54,0.6494,25,0.5027,0.6067,30,0.3724,59,8,1,50,,,,,,,
2026-10-R1,off_warm_300,warm_from_constrained,E2-off_warm_300-distance,distance,0.5,average,1.0,off,300,42,534510.0,30468.3,19199.3,71.037,1748.1,0.0103,0.0325,3.56,-36.99,,,,,,,,,,0.2075,77,8,1,57,,,,,,,
2026-10-R1,off_warm_300,warm_from_constrained,E2-off_warm_300-planar-average,energy-planar,0.5,average,1.0,off,300,42,482775.0,31604.2,19639.4,73.373,1816.1,0.0121,0.0359,3.53,-37.86,,,,,,,,,,0.4425,50,8,1,48,,,,,,,
2026-10-R1,off_warm_300,warm_from_constrained,E2-off_warm_300-dem-eta0.5-average,energy-dem,0.5,average,1.0,off,300,42,547377.0,31124.0,20201.8,74.918,1745.1,0.0213,0.0574,3.44,-35.09,-655.7,-2.15,480.2,1.52,0.5764,34,0.3292,0.6912,17,0.2574,68,8,1,63,,,,,,,
2026-10-R1,off_warm_300,warm_from_constrained,E2-off_warm_300-distance,distance,0.7,average,1.0,off,300,42,534510.0,27319.5,19199.3,71.037,1748.1,0.0102,0.0369,3.97,-29.72,,,,,,,,,,0.2075,77,8,1,57,,,,,,,
2026-10-R1,off_warm_300,warm_from_constrained,E2-off_warm_300-planar-average,energy-planar,0.7,average,1.0,off,300,42,482775.0,28297.6,19639.4,73.373,1816.1,0.0123,0.0364,3.94,-30.6,,,,,,,,,,0.4425,50,8,1,48,,,,,,,
2026-10-R1,off_warm_300,warm_from_constrained,E2-off_warm_300-dem-eta0.7-average,energy-dem,0.7,average,1.0,off,300,42,593172.0,27883.8,20069.7,74.873,1741.0,0.0248,0.0459,3.94,-28.02,-564.3,-2.07,413.8,1.46,0.4979,29,0.5602,0.5799,23,0.2405,72,8,1,64,,,,,,,
2026-10-R1,off_warm_300,warm_from_constrained,E2-off_warm_300-distance,distance,0.5,average,1.5,off,300,42,534510.0,37319.2,19199.3,71.037,2480.3,0.0166,0.0571,8.47,-48.55,,,,,,,,,,0.2075,77,8,1,57,,,,,,,
2026-10-R1,off_warm_300,warm_from_constrained,E2-off_warm_300-planar-average,energy-planar,0.5,average,1.5,off,300,42,482775.0,38847.8,19639.4,73.373,2580.9,0.016,0.0371,7.93,-49.45,,,,,,,,,,0.4425,50,8,1,48,,,,,,,
2026-10-R1,off_warm_300,warm_from_constrained,E2-off_warm_300-dem-scale1.5,energy-dem,0.5,average,1.5,off,300,42,617313.0,37202.3,21180.2,79.112,2413.2,0.0465,0.1208,5.96,-43.07,116.9,0.31,1645.5,4.24,0.5092,54,0.1762,0.6333,26,0.3197,69,8,1,59,,,,,,,
2026-10-R1,off_warm_300,warm_from_constrained,E2-off_warm_300-distance,distance,0.5,average,2.0,off,300,42,534510.0,43294.6,19199.3,71.037,3071.5,0.0259,0.0724,13.09,-55.65,,,,,,,,,,0.2075,77,8,1,57,,,,,,,
2026-10-R1,off_warm_300,warm_from_constrained,E2-off_warm_300-planar-average,energy-planar,0.5,average,2.0,off,300,42,482775.0,44883.8,19639.4,73.373,3189.9,0.0149,0.0397,11.92,-56.24,,,,,,,,,,0.4425,50,8,1,48,,,,,,,
2026-10-R1,off_warm_300,warm_from_constrained,E2-off_warm_300-dem-scale2.0,energy-dem,0.5,average,2.0,off,300,42,670404.0,41995.4,21292.2,79.953,2967.6,0.0612,0.2011,8.78,-49.3,1299.2,3.0,2888.4,6.44,0.6983,21,0.2147,0.5425,37,0.4104,53,8,1,54,,,,,,,
2026-10-R1,off_warm_300_from_distance,warm_from_E2-off_warm_300-distance,E2-off_warm_300_from_distance-dem-eta0.5-average,energy-dem,0.5,average,1.0,off,300,42,546586.0,30462.0,19523.5,72.331,1730.8,0.0132,0.0403,3.47,-35.91,,,,,,,,,,0.2015,78,8,1,57,30468.3,71.037,6.3,0.02,0.9729,3,0.9233
2026-10-R1,off_warm_300_from_planar,warm_from_E2-off_warm_300-planar-average,E2-off_warm_300_from_planar-dem-eta0.5-average,energy-dem,0.5,average,1.0,off,300,42,546784.0,30609.1,19792.5,73.708,1707.5,0.0196,0.0392,3.57,-35.34,,,,,,,,,,0.3803,52,8,1,45,31604.2,73.373,995.1,3.15,0.7644,11,0.912
2026-10-R1,on_warm_300_from_distance,warm_from_A-distance,E2-on_warm_300_from_distance-dem-eta0.5-average,energy-dem,0.5,average,1.0,on,300,42,598704.0,33008.7,22421.3,84.009,1784.2,0.0608,0.2411,2.5,-32.07,,,,,,,,,,1.0,0,8,5,25,33940.0,81.838,931.3,2.74,1.0,0,0.3724
2026-10-R1,on_warm_300_from_planar,warm_from_A-planar-average,E2-on_warm_300_from_planar-dem-eta0.5-average,energy-dem,0.5,average,1.0,on,300,42,598709.0,33010.0,22488.6,84.252,1777.8,0.0631,0.2411,2.5,-31.87,,,,,,,,,,1.0,0,8,5,25,34158.9,81.975,1148.9,3.36,1.0,0,0.5301
