constraint,status,file,lines
"Objective: arc cost = matrix of the cost basis (distance m, travel-time s or energy Wh rounded to integers, shifted by a constant when negative)",active,urgup_transport/optimizer.py,2820-2827
Fixed number of vehicles = route_count (8); every vehicle starts and ends at the depot (node 0),active,urgup_transport/optimizer.py,2815
"Every customer stop is mandatory (no disjunction; only optional stopping-place candidates get one, and the main run has none)",active,urgup_transport/optimizer.py,2843-2854
Distance dimension with global-span cost: distance_balance_weight (20) × longest route distance in metres,active,urgup_transport/optimizer.py,2862-2870
"Route distance cap max_route_distance_km (0 = the sum of the matrix maxima, i.e. not binding)",inactive (0),urgup_transport/optimizer.py,2862-2866
Time dimension max_route_duration_minutes (added only when > 0),inactive (0),urgup_transport/optimizer.py,2882-2883
"'Stops' dimension: each stop counts 1; vehicle capacity = max_stops_per_route or (customers + candidates) = 129, i.e. not binding; minimum min_stops_per_route (1) per vehicle","active (min 1), capacity not binding",urgup_transport/optimizer.py,2891-2901
"Same-vehicle constraint per neighbourhood: VehicleVar equality for every stop of a protected group (single_route_per_mahalle=True protects all 9 neighbourhoods; groups smaller than small_mahalle_stop_limit=4 are folded into the nearest larger one on the planning matrix, giving 8 groups for 8 vehicles)",active,urgup_transport/optimizer.py,"2905-2907, 1701-1800"
"Passenger/parcel capacity: vehicle_capacity, demand_balance_weight",NOT implemented (deprecated compatibility inputs; not used in the VRP model or in the GA fitness),urgup_transport/optimizer.py; README.md,2531-2535; README 239
"Stop demand (demand_weight / service_demand): read from the demand CSV or the stop record, carried into the proposal and reported as demand_weight per line and demand_imbalance_percent; never a constraint or an objective term",reporting only,urgup_transport/optimizer.py,"380-410, 2446-2455"
longest_route_weight (28) and the fitness function _fitness: GA mode only; not used in planning_mode=vrp,inactive in vrp,urgup_transport/optimizer.py,1661-1699
"Search: PATH_CHEAPEST_ARC first solution, GUIDED_LOCAL_SEARCH, wall-clock time limit; initial assignment = bin-packed seed of the protected groups",active,urgup_transport/optimizer.py,"2910-2913, 2935-2942"
seed (42): used by the GA only; the OR-Tools search has no seed and is deterministic on this instance (verified: identical repeats; solver.ReSeed changes nothing). R1 adds node_order_seed (customer order permutation) for E1,no effect in vrp,urgup_transport/optimizer.py,2760-2769
"Within-line sequence: exact TSP for ≤ 8 stops, else 2-opt (+ or-opt for the energy basis) on the planning matrix",active,urgup_transport/optimizer.py,1576-1650
