run_id,cell_id,sigma_m,corr_len_cells,repeat,seed,time_limit_s,spurious_climb_m,climb_own_grid_m,climb_reference_grid_m,E_own_grid_wh,E_reference_grid_wh,E_distance_opt_own_grid_wh,E_distance_opt_reference_grid_wh,E_dem_opt_reference_solution_own_grid_wh,voti_own_grid_wh,voti_reference_grid_wh,voti_reference_solution_wh,km,jaccard_to_reference_dem_solution,stops_changing_line,kendall_tau_to_reference_dem_solution
2026-10-R1,E3-s1.0-L3-r00,1.0,3,0,3000,5,29.6,1776.3,1746.7,32794.5,32467.3,34294.7,33940.0,33600.4,1500.2,1472.7,876.6,82.131,0.969,1,0.6521
2026-10-R1,E3-s1.0-L3-r01,1.0,3,1,3001,5,24.6,1817.2,1792.6,33445.4,33230.6,34371.5,33940.0,33603.9,926.1,709.4,876.6,83.847,1.0,0,0.8819
2026-10-R1,E3-s1.0-L3-r02,1.0,3,2,3002,5,33.6,1827.4,1793.8,33503.7,33231.6,34342.7,33940.0,33636.8,839.0,708.4,876.6,84.036,1.0,0,0.9332
2026-10-R1,E3-s1.0-L3-r03,1.0,3,3,3003,5,52.5,1864.5,1812.0,33766.7,33194.1,34766.2,33940.0,33914.9,999.5,745.9,876.6,83.63,1.0,0,0.8285
2026-10-R1,E3-s1.0-L3-r04,1.0,3,4,3004,5,30.8,1846.3,1815.5,33473.7,33201.2,34357.3,33940.0,33733.4,883.6,738.8,876.6,83.536,1.0,0,0.9698
2026-10-R1,E3-s1.0-L3-r05,1.0,3,5,3005,5,82.2,1873.3,1791.1,33762.1,33189.2,34818.8,33940.0,33881.9,1056.7,750.8,876.6,84.051,1.0,0,0.8889
2026-10-R1,E3-s1.0-L3-r06,1.0,3,6,3006,5,24.2,1832.5,1808.3,33426.2,33186.0,34445.7,33940.0,33584.9,1019.5,754.0,876.6,83.527,1.0,0,0.8135
2026-10-R1,E3-s1.0-L3-r07,1.0,3,7,3007,5,82.9,1879.8,1796.9,33883.4,33224.6,34721.3,33940.0,33911.1,837.9,715.4,876.6,83.993,1.0,0,0.9119
2026-10-R1,E3-s1.0-L3-r08,1.0,3,8,3008,5,30.0,1836.7,1806.7,33548.6,33234.7,34406.8,33940.0,33653.3,858.2,705.3,876.6,83.84,1.0,0,0.9383
2026-10-R1,E3-s1.0-L3-r09,1.0,3,9,3009,5,46.3,1845.3,1799.0,33516.6,33137.2,34480.7,33940.0,33615.8,964.1,802.8,876.6,83.616,1.0,0,0.961
2026-10-R1,E3-s1.0-L3-r10,1.0,3,10,3010,5,63.3,1849.6,1786.3,33817.6,33236.4,34778.4,33940.0,33893.6,960.8,703.6,876.6,83.926,1.0,0,0.7447
2026-10-R1,E3-s1.0-L3-r11,1.0,3,11,3011,5,61.8,1867.0,1805.2,33616.5,33105.5,34506.4,33940.0,33682.8,889.9,834.5,876.6,83.17,1.0,0,0.9348
2026-10-R1,E3-s1.0-L3-r12,1.0,3,12,3012,5,56.3,1861.9,1805.6,33763.0,33176.6,34590.9,33940.0,33908.8,827.9,763.4,876.6,83.98,1.0,0,0.717
2026-10-R1,E3-s1.0-L3-r13,1.0,3,13,3013,5,46.1,1846.4,1800.3,33698.7,33237.7,34711.5,33940.0,33869.0,1012.8,702.3,876.6,83.969,1.0,0,0.8376
2026-10-R1,E3-s1.0-L3-r14,1.0,3,14,3014,5,37.8,1826.9,1789.1,33511.4,33177.3,34346.0,33940.0,33598.5,834.6,762.7,876.6,83.904,1.0,0,0.6301
2026-10-R1,E3-s1.0-L3-r15,1.0,3,15,3015,5,42.3,1855.8,1813.5,33547.2,33241.3,34430.4,33940.0,33734.5,883.2,698.7,876.6,83.754,1.0,0,0.7209
2026-10-R1,E3-s1.0-L3-r16,1.0,3,16,3016,5,49.1,1840.8,1791.7,33674.1,33308.0,34531.6,33940.0,33745.1,857.5,632.0,876.6,84.048,1.0,0,0.6325
2026-10-R1,E3-s1.0-L3-r17,1.0,3,17,3017,5,34.6,1837.6,1803.0,33399.6,33124.2,34231.5,33940.0,33539.4,831.9,815.8,876.6,83.32,1.0,0,0.9978
2026-10-R1,E3-s1.0-L3-r18,1.0,3,18,3018,5,54.4,1864.3,1809.9,33795.5,33274.7,34558.2,33940.0,33918.0,762.7,665.3,876.6,83.787,1.0,0,0.7194
2026-10-R1,E3-s1.0-L3-r19,1.0,3,19,3019,5,64.8,1859.8,1795.0,33901.2,33294.0,34830.2,33940.0,34034.0,929.0,646.0,876.6,84.05,1.0,0,0.7856
2026-10-R1,E3-s1.0-L3-r20,1.0,3,20,3020,5,39.6,1866.1,1826.5,33703.7,33337.3,34529.8,33940.0,33878.4,826.1,602.7,876.6,83.338,1.0,0,0.9949
2026-10-R1,E3-s1.0-L3-r21,1.0,3,21,3021,5,51.6,1836.6,1785.0,33633.0,33149.4,34685.0,33940.0,33748.3,1052.0,790.6,876.6,84.04,1.0,0,0.6819
2026-10-R1,E3-s1.0-L3-r22,1.0,3,22,3022,5,53.0,1858.1,1805.1,33622.0,33122.0,34584.4,33940.0,33665.3,962.4,818.0,876.6,83.351,1.0,0,0.9659
2026-10-R1,E3-s1.0-L3-r23,1.0,3,23,3023,5,55.2,1865.3,1810.1,33691.1,33172.7,34473.7,33940.0,33912.8,782.6,767.3,876.6,83.198,1.0,0,0.857
2026-10-R1,E3-s1.0-L3-r24,1.0,3,24,3024,5,44.9,1827.1,1782.2,33673.0,33167.2,34508.7,33940.0,33716.1,835.7,772.8,876.6,84.092,1.0,0,0.7907
2026-10-R1,E3-s1.0-L3-r25,1.0,3,25,3025,5,53.6,1866.1,1812.5,33725.4,33173.9,34573.7,33940.0,33886.2,848.3,766.1,876.6,82.983,1.0,0,0.7196
2026-10-R1,E3-s1.0-L3-r26,1.0,3,26,3026,5,43.6,1856.0,1812.4,33678.4,33188.2,34407.7,33940.0,33837.7,729.3,751.8,876.6,83.313,1.0,0,0.8261
2026-10-R1,E3-s1.0-L3-r27,1.0,3,27,3027,5,82.2,1883.0,1800.8,33870.3,33174.6,34849.7,33940.0,33971.5,979.4,765.4,876.6,83.844,1.0,0,0.9844
2026-10-R1,E3-s1.0-L3-r28,1.0,3,28,3028,5,58.2,1840.0,1781.8,33586.8,33111.6,34552.9,33940.0,33713.5,966.1,828.4,876.6,84.1,1.0,0,0.6379
2026-10-R1,E3-s1.0-L3-r29,1.0,3,29,3029,5,43.5,1820.9,1777.4,33400.8,33089.3,34376.6,33940.0,33523.0,975.8,850.7,876.6,84.186,1.0,0,0.6919
2026-10-R1,E3-s2.0-L3-r00,2.0,3,0,3100,5,175.2,2020.0,1844.8,35011.6,33548.7,36046.7,33940.0,35505.8,1035.1,391.3,876.6,83.248,1.0,0,0.576
2026-10-R1,E3-s2.0-L3-r01,2.0,3,1,3101,5,160.4,1968.1,1807.7,34812.3,33476.4,35684.5,33940.0,35225.1,872.2,463.6,876.6,83.993,1.0,0,0.8544
2026-10-R1,E3-s2.0-L3-r02,2.0,3,2,3102,5,234.9,2083.5,1848.6,35436.3,33641.7,36497.2,33940.0,36057.3,1060.9,298.3,876.6,83.804,1.0,0,0.7398
2026-10-R1,E3-s2.0-L3-r03,2.0,3,3,3103,5,206.6,2019.3,1812.7,35041.7,33470.3,36007.3,33940.0,35330.2,965.6,469.7,876.6,83.79,1.0,0,0.8813
2026-10-R1,E3-s2.0-L3-r04,2.0,3,4,3104,5,168.2,1997.0,1828.8,34711.6,33448.8,35822.0,33940.0,35276.6,1110.4,491.2,876.6,83.519,0.9542,1,0.7168
2026-10-R1,E3-s2.0-L3-r05,2.0,3,5,3105,5,205.8,2023.7,1817.9,35254.1,33364.1,36047.3,33940.0,35546.4,793.2,575.9,876.6,83.299,1.0,0,0.8453
2026-10-R1,E3-s2.0-L3-r06,2.0,3,6,3106,5,166.5,1998.0,1831.5,34982.2,33700.4,36308.8,33940.0,35805.4,1326.6,239.6,876.6,84.004,1.0,0,0.6025
2026-10-R1,E3-s2.0-L3-r07,2.0,3,7,3107,5,176.5,1994.5,1818.0,34778.6,33254.5,35917.6,33940.0,34975.2,1139.0,685.5,876.6,82.99,1.0,0,0.856
2026-10-R1,E3-s2.0-L3-r08,2.0,3,8,3108,5,219.7,2042.9,1823.2,35241.2,33366.8,36100.2,33940.0,35650.3,859.0,573.2,876.6,83.913,1.0,0,0.5909
2026-10-R1,E3-s2.0-L3-r09,2.0,3,9,3109,5,175.6,1983.1,1807.5,34495.1,33020.7,36307.1,33940.0,35701.4,1812.0,919.3,876.6,81.879,0.969,1,0.8515
2026-10-R1,E3-s2.0-L3-r10,2.0,3,10,3110,5,136.0,1984.4,1848.4,35128.3,33794.7,36223.5,33940.0,35855.6,1095.2,145.3,876.6,83.72,1.0,0,0.7942
2026-10-R1,E3-s2.0-L3-r11,2.0,3,11,3111,5,186.3,2022.2,1835.9,34956.1,33450.2,36369.5,33940.0,35517.0,1413.4,489.8,876.6,83.869,1.0,0,0.9335
2026-10-R1,E3-s2.0-L3-r12,2.0,3,12,3112,5,190.4,2002.0,1811.6,35137.9,33573.7,36611.9,33940.0,35651.1,1474.0,366.3,876.6,84.496,1.0,0,0.9477
2026-10-R1,E3-s2.0-L3-r13,2.0,3,13,3113,5,175.2,2005.3,1830.1,34704.1,33262.4,35747.5,33940.0,35115.3,1043.4,677.6,876.6,83.936,1.0,0,0.5582
2026-10-R1,E3-s2.0-L3-r14,2.0,3,14,3114,5,185.2,2001.1,1815.9,34744.5,33360.5,35664.2,33940.0,35297.7,919.7,579.5,876.6,84.121,1.0,0,0.7159
2026-10-R1,E3-s2.0-L3-r15,2.0,3,15,3115,5,185.0,2025.2,1840.2,34992.3,33484.7,35802.1,33940.0,35487.0,809.8,455.3,876.6,82.632,1.0,0,0.5709
2026-10-R1,E3-s2.0-L3-r16,2.0,3,16,3116,5,183.5,2042.3,1858.8,35349.2,33793.6,36521.9,33940.0,35768.9,1172.7,146.4,876.6,84.354,1.0,0,0.6895
2026-10-R1,E3-s2.0-L3-r17,2.0,3,17,3117,5,229.2,2037.8,1808.6,35242.2,33366.6,36234.4,33940.0,35687.5,992.2,573.4,876.6,83.877,1.0,0,0.8034
2026-10-R1,E3-s2.0-L3-r18,2.0,3,18,3118,5,223.2,2065.1,1841.9,35369.3,33543.9,36513.2,33940.0,36066.7,1143.9,396.1,876.6,83.163,1.0,0,0.5725
2026-10-R1,E3-s2.0-L3-r19,2.0,3,19,3119,5,202.9,2025.3,1822.4,34967.7,33403.1,35892.8,33940.0,35476.4,925.1,536.9,876.6,83.017,0.9542,1,0.7149
2026-10-R1,E3-s2.0-L3-r20,2.0,3,20,3120,5,169.8,2004.4,1834.6,35050.3,33527.6,36111.5,33940.0,35520.4,1061.2,412.4,876.6,83.762,0.9542,1,0.4894
2026-10-R1,E3-s2.0-L3-r21,2.0,3,21,3121,5,196.7,2039.0,1842.3,35215.9,33616.1,36347.4,33940.0,35657.1,1131.5,323.9,876.6,83.337,1.0,0,0.5081
2026-10-R1,E3-s2.0-L3-r22,2.0,3,22,3122,5,123.8,1976.5,1852.7,34604.9,33685.3,35533.4,33940.0,35163.5,928.5,254.7,876.6,83.292,1.0,0,0.8393
2026-10-R1,E3-s2.0-L3-r23,2.0,3,23,3123,5,213.2,2046.2,1833.0,35210.9,33421.6,36234.0,33940.0,35707.9,1023.1,518.4,876.6,84.011,1.0,0,0.7032
2026-10-R1,E3-s2.0-L3-r24,2.0,3,24,3124,5,146.6,1981.1,1834.5,34715.3,33486.0,35831.1,33940.0,35183.7,1115.8,454.0,876.6,82.912,1.0,0,0.6206
2026-10-R1,E3-s2.0-L3-r25,2.0,3,25,3125,5,126.1,1984.7,1858.6,34761.4,33870.7,36418.5,33940.0,35298.0,1657.1,69.3,876.6,84.688,1.0,0,0.4921
2026-10-R1,E3-s2.0-L3-r26,2.0,3,26,3126,5,201.0,2011.9,1810.9,34883.4,33278.4,35903.0,33940.0,35250.6,1019.6,661.6,876.6,83.296,1.0,0,0.6278
2026-10-R1,E3-s2.0-L3-r27,2.0,3,27,3127,5,220.4,2005.5,1785.1,35184.0,33307.3,35880.5,33940.0,35456.5,696.5,632.7,876.6,84.319,1.0,0,0.5733
2026-10-R1,E3-s2.0-L3-r28,2.0,3,28,3128,5,117.9,1952.6,1834.7,34399.8,33484.2,35607.3,33940.0,35216.3,1207.5,455.8,876.6,83.151,1.0,0,0.5409
2026-10-R1,E3-s2.0-L3-r29,2.0,3,29,3129,5,256.7,2020.1,1763.4,34634.5,32507.3,36503.5,33940.0,35524.7,1869.0,1432.7,876.6,81.551,0.969,1,0.7978
2026-10-R1,E3-s2.5-L3-r00,2.5,3,0,3200,5,278.7,2154.8,1876.1,36538.3,34139.8,37772.6,33940.0,37736.0,1234.3,-199.8,876.6,84.501,1.0,0,0.6848
2026-10-R1,E3-s2.5-L3-r01,2.5,3,1,3201,5,312.5,2184.2,1871.7,36591.0,33855.3,38102.3,33940.0,37611.7,1511.3,84.7,876.6,83.365,1.0,0,0.519
2026-10-R1,E3-s2.5-L3-r02,2.5,3,2,3202,5,352.1,2104.0,1751.9,35878.5,32651.8,37174.6,33940.0,36916.2,1296.1,1288.2,876.6,82.354,0.969,1,0.7221
2026-10-R1,E3-s2.5-L3-r03,2.5,3,3,3203,5,239.6,2079.2,1839.6,35440.5,33568.4,36616.1,33940.0,36168.4,1175.6,371.6,876.6,83.574,1.0,0,0.7716
2026-10-R1,E3-s2.5-L3-r04,2.5,3,4,3204,5,263.1,2055.3,1792.2,35781.8,33642.0,37093.6,33940.0,36342.4,1311.8,298.0,876.6,85.649,1.0,0,0.4281
2026-10-R1,E3-s2.5-L3-r05,2.5,3,5,3205,5,286.7,2122.2,1835.5,36144.0,33626.3,37319.5,33940.0,36694.1,1175.5,313.7,876.6,84.067,1.0,0,0.5619
2026-10-R1,E3-s2.5-L3-r06,2.5,3,6,3206,5,386.7,2194.1,1807.4,36673.4,33471.5,38114.1,33940.0,37316.3,1440.7,468.5,876.6,83.967,1.0,0,0.6207
2026-10-R1,E3-s2.5-L3-r07,2.5,3,7,3207,5,274.3,2125.8,1851.5,36072.3,33713.8,37890.4,33940.0,37152.9,1818.1,226.2,876.6,83.641,1.0,0,0.631
2026-10-R1,E3-s2.5-L3-r08,2.5,3,8,3208,5,243.3,2077.6,1834.3,35343.6,33643.5,36686.7,33940.0,36285.7,1343.1,296.5,876.6,83.822,1.0,0,0.9026
2026-10-R1,E3-s2.5-L3-r09,2.5,3,9,3209,5,270.7,2131.9,1861.2,35923.6,33980.1,37451.0,33940.0,36838.3,1527.4,-40.1,876.6,83.807,0.9542,1,0.7036
2026-10-R1,E3-s2.5-L3-r10,2.5,3,10,3210,5,271.1,2104.1,1833.0,35698.1,33601.9,36743.5,33940.0,36336.8,1045.4,338.1,876.6,84.021,1.0,0,0.7265
2026-10-R1,E3-s2.5-L3-r11,2.5,3,11,3211,5,250.8,2093.2,1842.4,35892.5,33735.8,36750.4,33940.0,36503.1,857.9,204.2,876.6,83.994,1.0,0,0.551
2026-10-R1,E3-s2.5-L3-r12,2.5,3,12,3212,5,332.5,2173.8,1841.3,36349.1,33564.8,37780.9,33940.0,37086.4,1431.8,375.2,876.6,83.191,1.0,0,0.8014
2026-10-R1,E3-s2.5-L3-r13,2.5,3,13,3213,5,267.4,2115.2,1847.8,35878.8,33584.2,36741.9,33940.0,36641.3,863.1,355.8,876.6,83.784,1.0,0,0.5391
2026-10-R1,E3-s2.5-L3-r14,2.5,3,14,3214,5,250.7,2093.3,1842.6,35721.3,33832.2,37337.2,33940.0,36480.0,1615.9,107.8,876.6,84.643,1.0,0,0.5633
2026-10-R1,E3-s2.5-L3-r15,2.5,3,15,3215,5,266.8,2122.0,1855.2,35842.0,33811.0,36954.2,33940.0,36636.7,1112.2,129.0,876.6,83.765,1.0,0,0.7952
2026-10-R1,E3-s2.5-L3-r16,2.5,3,16,3216,5,266.4,2124.8,1858.4,36020.0,33838.8,37080.0,33940.0,36716.0,1060.0,101.2,876.6,83.631,0.9542,1,0.6697
2026-10-R1,E3-s2.5-L3-r17,2.5,3,17,3217,5,308.0,2168.3,1860.3,36180.7,33800.3,37675.2,33940.0,37152.9,1494.5,139.7,876.6,84.335,1.0,0,0.762
2026-10-R1,E3-s2.5-L3-r18,2.5,3,18,3218,5,288.9,2135.8,1846.9,36365.5,33870.1,37555.9,33940.0,36846.2,1190.4,69.9,876.6,84.514,1.0,0,0.6524
2026-10-R1,E3-s2.5-L3-r19,2.5,3,19,3219,5,287.5,2137.9,1850.4,35970.3,33864.0,37079.6,33940.0,36572.1,1109.3,76.0,876.6,83.865,1.0,0,0.7726
2026-10-R1,E3-s2.5-L3-r20,2.5,3,20,3220,5,286.3,2128.4,1842.1,35907.6,33544.4,37002.6,33940.0,36546.9,1095.0,395.6,876.6,83.143,1.0,0,0.6897
2026-10-R1,E3-s2.5-L3-r21,2.5,3,21,3221,5,280.4,2144.9,1864.5,36191.6,34058.6,37656.6,33940.0,37237.0,1465.0,-118.6,876.6,83.707,1.0,0,0.7852
2026-10-R1,E3-s2.5-L3-r22,2.5,3,22,3222,5,273.8,2130.8,1857.0,36009.9,33784.3,37367.6,33940.0,36839.2,1357.7,155.7,876.6,84.103,1.0,0,0.5644
2026-10-R1,E3-s2.5-L3-r23,2.5,3,23,3223,5,262.8,2126.9,1864.1,35866.8,33870.5,37276.1,33940.0,36895.9,1409.3,69.5,876.6,84.772,1.0,0,0.635
2026-10-R1,E3-s2.5-L3-r24,2.5,3,24,3224,5,286.1,2115.1,1829.0,35873.4,33500.8,37103.8,33940.0,36602.2,1230.4,439.2,876.6,83.744,1.0,0,0.883
2026-10-R1,E3-s2.5-L3-r25,2.5,3,25,3225,5,270.8,2111.5,1840.7,35805.9,33611.9,36762.3,33940.0,36623.7,956.4,328.1,876.6,83.207,1.0,0,0.7747
2026-10-R1,E3-s2.5-L3-r26,2.5,3,26,3226,5,244.5,2101.1,1856.6,35605.5,33691.3,36585.4,33940.0,36355.6,979.9,248.7,876.6,83.027,0.9542,1,0.5052
2026-10-R1,E3-s2.5-L3-r27,2.5,3,27,3227,5,240.5,2104.2,1863.7,35763.8,33809.4,36836.1,33940.0,36817.2,1072.3,130.6,876.6,83.936,1.0,0,0.6069
2026-10-R1,E3-s2.5-L3-r28,2.5,3,28,3228,5,308.4,2162.6,1854.2,36203.8,33658.4,37399.9,33940.0,37119.7,1196.1,281.6,876.6,84.081,1.0,0,0.696
2026-10-R1,E3-s2.5-L3-r29,2.5,3,29,3229,5,288.6,2090.8,1802.2,35686.7,33450.8,37267.1,33940.0,36071.8,1580.4,489.2,876.6,83.8,1.0,0,0.7414
2026-10-R1,E3-s4.0-L3-r00,4.0,3,0,3300,5,554.7,2426.4,1871.7,38645.8,34238.2,40741.2,33940.0,40053.3,2095.4,-298.2,876.6,84.892,1.0,0,0.4357
2026-10-R1,E3-s4.0-L3-r01,4.0,3,1,3301,5,584.4,2491.3,1906.9,39231.1,34356.1,41712.5,33940.0,41210.9,2481.4,-416.1,876.6,84.443,1.0,0,0.8012
2026-10-R1,E3-s4.0-L3-r02,4.0,3,2,3302,5,614.5,2479.7,1865.2,38954.9,34003.0,39854.0,33940.0,40215.1,899.1,-63.0,876.6,84.12,1.0,0,0.5041
2026-10-R1,E3-s4.0-L3-r03,4.0,3,3,3303,5,539.8,2415.8,1876.0,38560.0,34247.3,40988.9,33940.0,39651.9,2428.9,-307.3,876.6,85.258,1.0,0,0.7051
2026-10-R1,E3-s4.0-L3-r04,4.0,3,4,3304,5,623.5,2482.4,1858.9,39085.9,33808.0,40633.0,33940.0,40694.3,1547.1,132.0,876.6,83.404,0.9542,1,0.713
2026-10-R1,E3-s4.0-L3-r05,4.0,3,5,3305,5,753.5,2594.6,1841.1,39970.5,33573.6,42815.0,33940.0,43076.5,2844.5,366.4,876.6,83.848,0.969,1,0.6429
2026-10-R1,E3-s4.0-L3-r06,4.0,3,6,3306,5,659.9,2522.1,1862.2,39500.9,33952.4,41143.2,33940.0,40864.6,1642.3,-12.4,876.6,83.843,1.0,0,0.5879
2026-10-R1,E3-s4.0-L3-r07,4.0,3,7,3307,5,653.8,2462.0,1808.2,38674.0,33049.1,40801.1,33940.0,40758.9,2127.1,890.9,876.6,81.65,0.969,1,0.6147
2026-10-R1,E3-s4.0-L3-r08,4.0,3,8,3308,5,619.5,2497.4,1877.9,39078.3,34174.7,41040.7,33940.0,41120.0,1962.4,-234.7,876.6,84.577,1.0,0,0.4597
2026-10-R1,E3-s4.0-L3-r09,4.0,3,9,3309,5,567.4,2442.0,1874.6,38392.0,33886.9,39796.5,33940.0,40222.0,1404.5,53.1,876.6,84.309,1.0,0,0.2768
2026-10-R1,E3-s4.0-L3-r10,4.0,3,10,3310,5,587.4,2442.9,1855.5,39046.2,34197.0,40734.5,33940.0,40143.8,1688.3,-257.0,876.6,85.692,1.0,0,0.6736
2026-10-R1,E3-s4.0-L3-r11,4.0,3,11,3311,5,584.8,2460.1,1875.3,39058.5,34269.6,40861.3,33940.0,40489.4,1802.8,-329.6,876.6,85.089,1.0,0,0.5902
2026-10-R1,E3-s4.0-L3-r12,4.0,3,12,3312,5,598.6,2446.0,1847.4,38370.6,33849.9,40331.3,33940.0,39965.7,1960.7,90.1,876.6,84.677,1.0,0,0.3273
2026-10-R1,E3-s4.0-L3-r13,4.0,3,13,3313,5,631.3,2527.0,1895.7,39393.1,34290.0,41643.8,33940.0,41044.4,2250.7,-350.0,876.6,83.27,1.0,0,0.7953
2026-10-R1,E3-s4.0-L3-r14,4.0,3,14,3314,5,610.7,2474.6,1863.9,39221.5,34404.7,40710.1,33940.0,40866.8,1488.6,-464.7,876.6,84.628,1.0,0,0.4771
2026-10-R1,E3-s4.0-L3-r15,4.0,3,15,3315,5,628.3,2498.5,1870.2,39659.6,34028.7,41609.5,33940.0,41500.2,1949.9,-88.7,876.6,85.11,0.9542,1,0.4391
2026-10-R1,E3-s4.0-L3-r16,4.0,3,16,3316,5,741.1,2616.2,1875.1,40206.5,34128.3,42123.3,33940.0,41760.7,1916.8,-188.3,876.6,83.812,1.0,0,0.6553
2026-10-R1,E3-s4.0-L3-r17,4.0,3,17,3317,5,606.6,2501.4,1894.8,38944.6,34061.7,41186.4,33940.0,40970.2,2241.8,-121.7,876.6,84.556,1.0,0,0.5976
2026-10-R1,E3-s4.0-L3-r18,4.0,3,18,3318,5,621.8,2517.8,1896.0,39963.7,34631.8,41368.5,33940.0,41429.8,1404.8,-691.8,876.6,85.545,0.9542,1,0.44
2026-10-R1,E3-s4.0-L3-r19,4.0,3,19,3319,5,590.3,2471.6,1881.3,38714.7,34275.2,40656.4,33940.0,40545.7,1941.7,-335.2,876.6,84.539,1.0,0,0.5947
2026-10-R1,E3-s4.0-L3-r20,4.0,3,20,3320,5,602.4,2525.6,1923.2,39156.9,34472.2,41515.0,33940.0,40599.8,2358.1,-532.2,876.6,84.412,1.0,0,0.5341
2026-10-R1,E3-s4.0-L3-r21,4.0,3,21,3321,5,508.3,2403.2,1894.9,38583.0,34492.0,40464.5,33940.0,40440.3,1881.5,-552.0,876.6,85.414,1.0,0,0.7429
2026-10-R1,E3-s4.0-L3-r22,4.0,3,22,3322,5,578.4,2468.6,1890.2,39261.9,34243.3,40518.2,33940.0,40833.1,1256.3,-303.3,876.6,84.56,1.0,0,0.8548
2026-10-R1,E3-s4.0-L3-r23,4.0,3,23,3323,5,575.1,2457.3,1882.2,38887.7,33884.7,40733.3,33940.0,40937.2,1845.6,55.3,876.6,84.531,1.0,0,0.3178
2026-10-R1,E3-s4.0-L3-r24,4.0,3,24,3324,5,584.1,2418.9,1834.8,37954.7,33321.7,40627.4,33940.0,40975.0,2672.7,618.3,876.6,82.896,0.969,1,0.3874
2026-10-R1,E3-s4.0-L3-r25,4.0,3,25,3325,5,627.3,2528.7,1901.4,39839.7,34508.9,42080.1,33940.0,41508.2,2240.4,-568.9,876.6,85.421,1.0,0,0.5709
2026-10-R1,E3-s4.0-L3-r26,4.0,3,26,3326,5,679.0,2551.7,1872.7,39693.6,34105.3,41591.1,33940.0,41230.2,1897.5,-165.3,876.6,84.388,1.0,0,0.8417
2026-10-R1,E3-s4.0-L3-r27,4.0,3,27,3327,5,616.9,2499.1,1882.2,39387.5,34238.9,41485.8,33940.0,41131.8,2098.3,-298.9,876.6,85.354,0.9542,1,0.3987
2026-10-R1,E3-s4.0-L3-r28,4.0,3,28,3328,5,644.4,2508.5,1864.1,39119.9,34240.4,41128.1,33940.0,40195.4,2008.2,-300.4,876.6,85.353,0.9542,1,0.5073
2026-10-R1,E3-s4.0-L3-r29,4.0,3,29,3329,5,508.2,2423.4,1915.2,38727.6,34594.9,40349.2,33940.0,40627.4,1621.6,-654.9,876.6,84.878,1.0,0,0.5602
2026-10-R1,E3-s1.0-L10-r00,1.0,10,0,4000,5,23.8,1804.6,1780.8,33316.3,33096.7,34211.3,33940.0,33338.7,895.0,843.3,876.6,84.219,1.0,0,0.7462
2026-10-R1,E3-s1.0-L10-r01,1.0,10,1,4001,5,11.9,1750.9,1739.0,32620.8,32422.9,34271.0,33940.0,33340.4,1650.2,1517.1,876.6,81.928,0.969,1,0.6365
2026-10-R1,E3-s1.0-L10-r02,1.0,10,2,4002,5,8.0,1762.9,1754.9,32521.0,32384.5,34093.0,33940.0,33308.0,1572.0,1555.5,876.6,81.628,0.969,1,0.9361
2026-10-R1,E3-s1.0-L10-r03,1.0,10,3,4003,5,20.3,1807.5,1787.2,33309.7,33105.2,34074.1,33940.0,33336.9,764.4,834.8,876.6,83.696,1.0,0,0.876
2026-10-R1,E3-s1.0-L10-r04,1.0,10,4,4004,5,48.5,1826.6,1778.1,33433.8,33104.1,34423.4,33940.0,33513.3,989.6,835.9,876.6,84.084,1.0,0,0.7192
2026-10-R1,E3-s1.0-L10-r05,1.0,10,5,4005,5,-8.9,1802.4,1811.3,33199.3,33224.9,34117.4,33940.0,33321.5,918.1,715.1,876.6,83.618,1.0,0,0.8875
2026-10-R1,E3-s1.0-L10-r06,1.0,10,6,4006,5,25.8,1811.7,1785.9,33302.3,33116.6,34195.4,33940.0,33356.9,893.1,823.4,876.6,83.852,1.0,0,0.9501
2026-10-R1,E3-s1.0-L10-r07,1.0,10,7,4007,5,22.0,1804.7,1782.7,33316.1,33119.1,34229.3,33940.0,33393.1,913.2,820.9,876.6,83.84,1.0,0,0.7447
2026-10-R1,E3-s1.0-L10-r08,1.0,10,8,4008,5,9.1,1798.3,1789.2,33170.7,33105.5,34108.6,33940.0,33214.0,937.9,834.5,876.6,83.612,1.0,0,0.9634
2026-10-R1,E3-s1.0-L10-r09,1.0,10,9,4009,5,16.8,1812.3,1795.5,33294.7,33116.5,34228.2,33940.0,33349.8,933.5,823.5,876.6,83.888,1.0,0,0.6397
2026-10-R1,E3-s1.0-L10-r10,1.0,10,10,4010,5,26.7,1838.6,1811.9,33394.4,33140.3,34243.7,33940.0,33435.4,849.3,799.7,876.6,83.097,1.0,0,0.8806
2026-10-R1,E3-s1.0-L10-r11,1.0,10,11,4011,5,32.8,1826.3,1793.5,33379.4,33116.3,34237.5,33940.0,33380.5,858.1,823.7,876.6,83.592,1.0,0,0.9978
2026-10-R1,E3-s1.0-L10-r12,1.0,10,12,4012,5,10.6,1817.1,1806.5,33276.6,33147.7,34149.9,33940.0,33315.3,873.3,792.3,876.6,83.224,1.0,0,0.876
2026-10-R1,E3-s1.0-L10-r13,1.0,10,13,4013,5,2.3,1810.8,1808.5,33238.8,33161.0,34099.2,33940.0,33274.0,860.4,779.0,876.6,83.02,1.0,0,0.9353
2026-10-R1,E3-s1.0-L10-r14,1.0,10,14,4014,5,11.9,1811.9,1800.0,33269.8,33115.3,34087.5,33940.0,33320.8,817.7,824.7,876.6,83.392,1.0,0,0.9917
2026-10-R1,E3-s1.0-L10-r15,1.0,10,15,4015,5,12.9,1814.6,1801.7,33298.1,33113.3,34058.7,33940.0,33404.6,760.6,826.7,876.6,83.649,1.0,0,0.9965
2026-10-R1,E3-s1.0-L10-r16,1.0,10,16,4016,5,26.3,1809.1,1782.8,33387.0,33089.1,34250.9,33940.0,33395.9,863.9,850.9,876.6,84.095,1.0,0,0.7497
2026-10-R1,E3-s1.0-L10-r17,1.0,10,17,4017,5,-3.5,1795.5,1799.0,33076.1,33132.1,34034.3,33940.0,33095.1,958.2,807.9,876.6,83.673,1.0,0,0.7528
2026-10-R1,E3-s1.0-L10-r18,1.0,10,18,4018,5,23.0,1761.2,1738.2,32640.8,32385.0,34252.7,33940.0,33426.6,1611.9,1555.0,876.6,82.128,0.969,1,0.7503
2026-10-R1,E3-s1.0-L10-r19,1.0,10,19,4019,5,-4.1,1801.1,1805.2,33207.7,33143.4,34065.8,33940.0,33252.2,858.1,796.6,876.6,83.177,1.0,0,0.9914
2026-10-R1,E3-s1.0-L10-r20,1.0,10,20,4020,5,18.9,1802.7,1783.8,33316.3,33112.4,34299.3,33940.0,33347.4,983.0,827.6,876.6,84.091,1.0,0,0.7481
2026-10-R1,E3-s1.0-L10-r21,1.0,10,21,4021,5,-1.0,1811.8,1812.8,33206.0,33170.9,34081.5,33940.0,33308.1,875.5,769.1,876.6,83.016,1.0,0,0.615
2026-10-R1,E3-s1.0-L10-r22,1.0,10,22,4022,5,33.1,1829.2,1796.1,33324.2,33114.2,34224.0,33940.0,33418.1,899.8,825.8,876.6,83.755,1.0,0,0.82
2026-10-R1,E3-s1.0-L10-r23,1.0,10,23,4023,5,9.4,1805.7,1796.3,33280.7,33107.5,34116.2,33940.0,33300.0,835.5,832.5,876.6,83.692,1.0,0,0.9939
2026-10-R1,E3-s1.0-L10-r24,1.0,10,24,4024,5,-6.3,1754.6,1760.9,32424.1,32389.6,33975.9,33940.0,33258.4,1551.8,1550.4,876.6,81.289,0.969,1,0.9345
2026-10-R1,E3-s1.0-L10-r25,1.0,10,25,4025,5,23.6,1835.5,1811.9,33300.8,33143.4,34172.4,33940.0,33387.9,871.6,796.6,876.6,83.288,1.0,0,0.691
2026-10-R1,E3-s1.0-L10-r26,1.0,10,26,4026,5,2.2,1811.6,1809.4,33198.7,33160.7,34103.6,33940.0,33251.9,904.9,779.3,876.6,83.143,1.0,0,0.9633
2026-10-R1,E3-s1.0-L10-r27,1.0,10,27,4027,5,33.7,1815.6,1781.9,33362.0,33101.0,34263.0,33940.0,33394.9,901.0,839.0,876.6,83.988,1.0,0,0.6919
2026-10-R1,E3-s1.0-L10-r28,1.0,10,28,4028,5,15.7,1804.1,1788.4,33276.9,33103.8,34177.0,33940.0,33291.6,900.1,836.2,876.6,83.84,1.0,0,0.9353
2026-10-R1,E3-s1.0-L10-r29,1.0,10,29,4029,5,16.1,1803.2,1787.1,33281.0,33112.2,34265.6,33940.0,33334.8,984.6,827.8,876.6,84.007,1.0,0,0.965
2026-10-R1,E3-s2.0-L10-r00,2.0,10,0,4100,5,58.9,1869.3,1810.4,33733.4,33197.8,34744.9,33940.0,33975.1,1011.5,742.2,876.6,83.775,1.0,0,0.8178
2026-10-R1,E3-s2.0-L10-r01,2.0,10,1,4101,5,69.0,1881.3,1812.3,33767.4,33174.4,34782.4,33940.0,34036.0,1015.0,765.6,876.6,84.121,1.0,0,0.7884
2026-10-R1,E3-s2.0-L10-r02,2.0,10,2,4102,5,27.6,1836.3,1808.7,33524.8,33184.1,34294.4,33940.0,33759.4,769.6,755.9,876.6,83.478,1.0,0,0.6687
2026-10-R1,E3-s2.0-L10-r03,2.0,10,3,4103,5,66.6,1862.4,1795.8,33733.6,33264.9,34893.6,33940.0,33992.7,1160.0,675.1,876.6,83.779,1.0,0,0.8188
2026-10-R1,E3-s2.0-L10-r04,2.0,10,4,4104,5,69.0,1875.1,1806.1,33793.5,33166.4,34833.2,33940.0,33862.7,1039.7,773.6,876.6,83.155,1.0,0,0.9663
2026-10-R1,E3-s2.0-L10-r05,2.0,10,5,4105,5,62.4,1871.9,1809.5,33817.5,33192.2,34872.5,33940.0,33985.1,1055.0,747.8,876.6,83.579,1.0,0,0.9857
2026-10-R1,E3-s2.0-L10-r06,2.0,10,6,4106,5,43.3,1800.3,1757.0,32841.5,32415.3,34535.3,33940.0,33714.7,1693.8,1524.7,876.6,81.322,0.969,1,0.9642
2026-10-R1,E3-s2.0-L10-r07,2.0,10,7,4107,5,70.8,1803.1,1732.3,33070.8,32401.9,34719.3,33940.0,34017.1,1648.5,1538.1,876.6,82.254,0.969,1,0.7502
2026-10-R1,E3-s2.0-L10-r08,2.0,10,8,4108,5,46.9,1871.1,1824.2,33854.0,33352.8,34832.5,33940.0,34072.0,978.5,587.2,876.6,83.506,1.0,0,0.7423
2026-10-R1,E3-s2.0-L10-r09,2.0,10,9,4109,5,50.7,1863.7,1813.0,33729.8,33239.2,34558.6,33940.0,33809.6,828.8,700.8,876.6,83.172,1.0,0,0.8568
2026-10-R1,E3-s2.0-L10-r10,2.0,10,10,4110,5,36.5,1848.9,1812.4,33858.6,33468.5,34865.9,33940.0,34139.6,1007.3,471.5,876.6,84.376,1.0,0,0.6912
2026-10-R1,E3-s2.0-L10-r11,2.0,10,11,4111,5,94.1,1892.2,1798.1,33992.9,33242.6,34814.1,33940.0,33930.3,821.2,697.4,876.6,83.568,0.9542,1,0.49
2026-10-R1,E3-s2.0-L10-r12,2.0,10,12,4112,5,74.9,1897.8,1822.9,33944.6,33284.5,34976.3,33940.0,34104.2,1031.7,655.5,876.6,82.712,0.9542,1,0.9695
2026-10-R1,E3-s2.0-L10-r13,2.0,10,13,4113,5,29.6,1851.8,1822.2,33315.8,33256.7,34394.0,33940.0,33592.0,1078.2,683.3,876.6,82.784,1.0,0,0.5739
2026-10-R1,E3-s2.0-L10-r14,2.0,10,14,4114,5,32.6,1858.0,1825.4,33666.2,33328.3,34627.6,33940.0,33923.0,961.4,611.7,876.6,83.035,1.0,0,0.8143
2026-10-R1,E3-s2.0-L10-r15,2.0,10,15,4115,5,53.6,1863.7,1810.1,33702.6,33253.5,34617.2,33940.0,33842.7,914.6,686.5,876.6,83.179,0.9542,1,0.6543
2026-10-R1,E3-s2.0-L10-r16,2.0,10,16,4116,5,46.0,1840.8,1794.8,33583.6,33130.2,34479.3,33940.0,33659.9,895.7,809.8,876.6,83.701,1.0,0,0.8285
2026-10-R1,E3-s2.0-L10-r17,2.0,10,17,4117,5,85.1,1892.1,1807.0,33881.4,33207.3,34903.9,33940.0,34104.6,1022.5,732.7,876.6,83.661,1.0,0,0.8552
2026-10-R1,E3-s2.0-L10-r18,2.0,10,18,4118,5,127.0,1871.3,1744.3,33464.5,32424.0,35027.1,33940.0,34348.0,1562.6,1516.0,876.6,82.057,0.969,1,0.9345
2026-10-R1,E3-s2.0-L10-r19,2.0,10,19,4119,5,70.3,1897.9,1827.6,33859.8,33289.8,34912.9,33940.0,34185.7,1053.1,650.2,876.6,83.617,1.0,0,0.7037
2026-10-R1,E3-s2.0-L10-r20,2.0,10,20,4120,5,76.9,1897.9,1821.0,34084.3,33368.1,34951.7,33940.0,34407.4,867.4,571.9,876.6,82.967,1.0,0,0.9848
2026-10-R1,E3-s2.0-L10-r21,2.0,10,21,4121,5,87.1,1894.0,1806.9,34015.9,33232.5,34868.1,33940.0,34094.2,852.2,707.5,876.6,83.806,1.0,0,0.6701
2026-10-R1,E3-s2.0-L10-r22,2.0,10,22,4122,5,113.8,1923.1,1809.3,34234.9,33336.0,35003.8,33940.0,34454.8,768.9,604.0,876.6,83.838,1.0,0,0.6293
2026-10-R1,E3-s2.0-L10-r23,2.0,10,23,4123,5,43.6,1868.7,1825.1,33646.8,33332.9,34561.9,33940.0,33978.1,915.1,607.1,876.6,83.471,0.9542,1,0.571
2026-10-R1,E3-s2.0-L10-r24,2.0,10,24,4124,5,72.8,1873.8,1801.0,33807.1,33206.2,34707.3,33940.0,34108.3,900.2,733.8,876.6,83.704,1.0,0,0.7181
2026-10-R1,E3-s2.0-L10-r25,2.0,10,25,4125,5,85.7,1837.6,1751.9,33188.0,32433.6,34631.5,33940.0,34150.2,1443.5,1506.4,876.6,81.764,0.969,1,0.6288
2026-10-R1,E3-s2.0-L10-r26,2.0,10,26,4126,5,84.6,1877.1,1792.5,33946.0,33207.4,35010.1,33940.0,34079.4,1064.1,732.6,876.6,83.757,0.9542,1,0.5887
2026-10-R1,E3-s2.0-L10-r27,2.0,10,27,4127,5,79.2,1864.9,1785.7,33941.9,33217.5,34808.8,33940.0,34102.6,866.9,722.5,876.6,84.036,1.0,0,0.9016
2026-10-R1,E3-s2.0-L10-r28,2.0,10,28,4128,5,65.7,1809.2,1743.5,33078.8,32440.8,34687.2,33940.0,33897.9,1608.4,1499.2,876.6,82.057,0.969,1,0.8568
2026-10-R1,E3-s2.0-L10-r29,2.0,10,29,4129,5,82.1,1874.5,1792.4,34045.9,33249.8,34847.8,33940.0,34148.3,801.9,690.2,876.6,83.522,1.0,0,0.6527
2026-10-R1,E3-s2.5-L10-r00,2.5,10,0,4200,5,104.2,1910.3,1806.1,34215.8,33299.5,35234.9,33940.0,34578.7,1019.1,640.5,876.6,84.451,1.0,0,0.5261
2026-10-R1,E3-s2.5-L10-r01,2.5,10,1,4201,5,79.0,1911.8,1832.8,34212.6,33417.0,35333.7,33940.0,34472.5,1121.1,523.0,876.6,83.388,1.0,0,0.5859
2026-10-R1,E3-s2.5-L10-r02,2.5,10,2,4202,5,119.9,1912.9,1793.0,34249.9,33240.0,35302.0,33940.0,34431.1,1052.1,700.0,876.6,84.388,1.0,0,0.8803
2026-10-R1,E3-s2.5-L10-r03,2.5,10,3,4203,5,63.1,1884.5,1821.4,33850.0,33378.4,34610.6,33940.0,34027.0,760.6,561.6,876.6,82.868,1.0,0,0.4887
2026-10-R1,E3-s2.5-L10-r04,2.5,10,4,4204,5,127.4,1958.3,1830.9,34469.4,33391.8,35288.2,33940.0,34618.0,818.8,548.2,876.6,82.987,0.9542,1,0.503
2026-10-R1,E3-s2.5-L10-r05,2.5,10,5,4205,5,186.6,1981.7,1795.1,34846.5,33228.9,35656.5,33940.0,35106.0,810.0,711.1,876.6,83.737,0.9542,1,0.6322
2026-10-R1,E3-s2.5-L10-r06,2.5,10,6,4206,5,113.7,1930.6,1816.9,34304.8,33269.9,35355.6,33940.0,34606.6,1050.8,670.1,876.6,83.025,1.0,0,0.6028
2026-10-R1,E3-s2.5-L10-r07,2.5,10,7,4207,5,63.9,1827.9,1764.0,33167.6,32578.2,34715.2,33940.0,34395.2,1547.6,1361.8,876.6,81.971,0.969,1,0.6318
2026-10-R1,E3-s2.5-L10-r08,2.5,10,8,4208,5,60.5,1894.6,1834.1,34125.5,33497.6,34883.7,33940.0,34675.8,758.2,442.4,876.6,83.269,1.0,0,0.9086
2026-10-R1,E3-s2.5-L10-r09,2.5,10,9,4209,5,122.1,1915.6,1793.5,34402.6,33227.8,35371.6,33940.0,34583.2,969.0,712.2,876.6,84.252,1.0,0,0.7675
2026-10-R1,E3-s2.5-L10-r10,2.5,10,10,4210,5,68.5,1875.1,1806.6,33943.3,33240.3,34703.2,33940.0,34094.8,759.9,699.7,876.6,83.267,1.0,0,0.7373
2026-10-R1,E3-s2.5-L10-r11,2.5,10,11,4211,5,111.5,1907.6,1796.1,34305.0,33404.5,35163.2,33940.0,34556.7,858.2,535.5,876.6,83.923,1.0,0,0.716
2026-10-R1,E3-s2.5-L10-r12,2.5,10,12,4212,5,101.9,1895.7,1793.8,34142.8,33267.5,35205.7,33940.0,34224.9,1062.9,672.5,876.6,84.175,1.0,0,0.8127
2026-10-R1,E3-s2.5-L10-r13,2.5,10,13,4213,5,131.7,1921.4,1789.7,33948.4,32724.9,35446.7,33940.0,34908.2,1498.3,1215.1,876.6,81.792,0.969,1,0.8835
2026-10-R1,E3-s2.5-L10-r14,2.5,10,14,4214,5,179.0,1987.1,1808.1,34766.0,33312.9,35711.2,33940.0,35068.2,945.2,627.1,876.6,84.115,1.0,0,0.6609
2026-10-R1,E3-s2.5-L10-r15,2.5,10,15,4215,5,106.3,1918.7,1812.4,34196.0,33333.0,35480.7,33940.0,34655.9,1284.7,607.0,876.6,83.651,1.0,0,0.6851
2026-10-R1,E3-s2.5-L10-r16,2.5,10,16,4216,5,142.4,1932.5,1790.1,34442.0,33279.1,35445.3,33940.0,34758.6,1003.3,660.9,876.6,84.073,0.9542,1,0.6298
2026-10-R1,E3-s2.5-L10-r17,2.5,10,17,4217,5,66.7,1874.2,1807.5,34051.9,33347.8,34756.6,33940.0,34284.1,704.7,592.2,876.6,84.192,1.0,0,0.7167
2026-10-R1,E3-s2.5-L10-r18,2.5,10,18,4218,5,154.0,1970.2,1816.2,34675.6,33355.3,35657.7,33940.0,34867.9,982.1,584.7,876.6,83.575,0.9542,1,0.6566
2026-10-R1,E3-s2.5-L10-r19,2.5,10,19,4219,5,94.2,1933.7,1839.5,34320.5,33514.8,35072.1,33940.0,34490.2,751.6,425.2,876.6,83.2,1.0,0,0.8199
2026-10-R1,E3-s2.5-L10-r20,2.5,10,20,4220,5,170.2,1969.3,1799.1,34609.7,33265.4,35695.9,33940.0,34929.6,1086.2,674.6,876.6,84.113,1.0,0,0.5787
2026-10-R1,E3-s2.5-L10-r21,2.5,10,21,4221,5,63.1,1858.9,1795.8,33278.2,32714.2,35302.6,33940.0,34632.8,2024.4,1225.8,876.6,81.702,0.969,1,0.4847
2026-10-R1,E3-s2.5-L10-r22,2.5,10,22,4222,5,134.7,1933.4,1798.7,34543.9,33403.7,35237.2,33940.0,34812.7,693.3,536.3,876.6,83.942,1.0,0,0.6925
2026-10-R1,E3-s2.5-L10-r23,2.5,10,23,4223,5,85.4,1895.2,1809.8,34067.0,33199.5,34994.1,33940.0,34240.3,927.1,740.5,876.6,83.626,1.0,0,0.9658
2026-10-R1,E3-s2.5-L10-r24,2.5,10,24,4224,5,129.8,1893.2,1763.4,33816.0,32635.1,35417.0,33940.0,34927.9,1601.0,1304.9,876.6,82.047,0.969,1,0.5878
2026-10-R1,E3-s2.5-L10-r25,2.5,10,25,4225,5,99.8,1910.0,1810.2,34119.7,33199.1,35220.2,33940.0,34496.7,1100.5,740.9,876.6,84.02,1.0,0,0.5387
2026-10-R1,E3-s2.5-L10-r26,2.5,10,26,4226,5,117.8,1896.3,1778.5,34312.6,33310.2,35450.8,33940.0,34495.3,1138.2,629.8,876.6,84.685,1.0,0,0.6617
2026-10-R1,E3-s2.5-L10-r27,2.5,10,27,4227,5,129.7,1953.3,1823.6,34512.6,33352.8,35269.0,33940.0,34762.3,756.4,587.2,876.6,82.976,1.0,0,0.6664
2026-10-R1,E3-s2.5-L10-r28,2.5,10,28,4228,5,120.3,1938.8,1818.5,34259.7,33292.7,35332.6,33940.0,34660.0,1072.9,647.3,876.6,82.982,1.0,0,0.8213
2026-10-R1,E3-s2.5-L10-r29,2.5,10,29,4229,5,89.7,1902.5,1812.8,33959.6,33267.4,34833.8,33940.0,34294.6,874.2,672.6,876.6,83.188,1.0,0,0.9322
2026-10-R1,E3-s4.0-L10-r00,4.0,10,0,4300,5,258.8,2030.3,1771.5,34976.5,32694.3,36845.2,33940.0,36150.5,1868.7,1245.7,876.6,82.086,0.969,1,0.6368
2026-10-R1,E3-s4.0-L10-r01,4.0,10,1,4301,5,292.1,2116.4,1824.3,35924.3,33661.3,37405.1,33940.0,36742.3,1480.8,278.7,876.6,84.61,0.9542,1,0.5878
2026-10-R1,E3-s4.0-L10-r02,4.0,10,2,4302,5,308.4,2136.5,1828.1,36150.1,33408.6,36960.4,33940.0,36462.6,810.3,531.4,876.6,83.012,1.0,0,0.7932
2026-10-R1,E3-s4.0-L10-r03,4.0,10,3,4303,5,309.6,2135.0,1825.4,36167.4,33374.0,37118.2,33940.0,36843.4,950.8,566.0,876.6,83.878,1.0,0,0.7572
2026-10-R1,E3-s4.0-L10-r04,4.0,10,4,4304,5,256.7,2081.9,1825.2,35598.7,33386.2,36867.0,33940.0,36102.7,1268.3,553.8,876.6,83.636,0.9542,1,0.9337
2026-10-R1,E3-s4.0-L10-r05,4.0,10,5,4305,5,258.7,2060.2,1801.5,35582.9,33485.5,36543.9,33940.0,35948.3,961.0,454.5,876.6,84.257,1.0,0,0.6348
2026-10-R1,E3-s4.0-L10-r06,4.0,10,6,4306,5,167.4,2011.0,1843.6,34872.9,33571.4,35969.8,33940.0,35396.6,1096.9,368.6,876.6,83.217,1.0,0,0.9682
2026-10-R1,E3-s4.0-L10-r07,4.0,10,7,4307,5,273.8,2123.0,1849.2,36034.1,33713.5,37616.2,33940.0,36751.8,1582.1,226.5,876.6,84.27,1.0,0,0.576
2026-10-R1,E3-s4.0-L10-r08,4.0,10,8,4308,5,281.9,2105.0,1823.1,35985.3,33412.8,36680.7,33940.0,36509.1,695.4,527.2,876.6,83.336,1.0,0,0.8941
2026-10-R1,E3-s4.0-L10-r09,4.0,10,9,4309,5,250.6,2040.9,1790.3,34983.4,32902.7,36837.7,33940.0,36418.8,1854.3,1037.3,876.6,82.541,0.969,1,0.9226
2026-10-R1,E3-s4.0-L10-r10,4.0,10,10,4310,5,213.4,2049.7,1836.3,35427.1,33693.4,36922.8,33940.0,35897.6,1495.7,246.6,876.6,83.848,0.9542,1,0.6548
2026-10-R1,E3-s4.0-L10-r11,4.0,10,11,4311,5,251.5,2101.0,1849.5,36079.4,33744.8,37204.3,33940.0,36616.3,1124.9,195.2,876.6,84.157,1.0,0,0.7844
2026-10-R1,E3-s4.0-L10-r12,4.0,10,12,4312,5,388.9,2224.3,1835.4,36545.1,33396.0,37308.5,33940.0,37133.9,763.4,544.0,876.6,82.602,0.9542,1,0.7381
2026-10-R1,E3-s4.0-L10-r13,4.0,10,13,4313,5,269.8,2021.5,1751.7,34957.1,32655.8,36479.8,33940.0,36118.2,1522.7,1284.2,876.6,82.143,0.969,1,0.5549
2026-10-R1,E3-s4.0-L10-r14,4.0,10,14,4314,5,314.0,2139.4,1825.4,35901.6,33337.1,37416.6,33940.0,36775.2,1515.0,602.9,876.6,83.614,1.0,0,0.5404
2026-10-R1,E3-s4.0-L10-r15,4.0,10,15,4315,5,286.4,2125.8,1839.4,35867.1,33568.1,36777.3,33940.0,36395.1,910.2,371.9,876.6,83.232,1.0,0,0.6855
2026-10-R1,E3-s4.0-L10-r16,4.0,10,16,4316,5,212.4,2064.1,1851.7,35568.1,33626.4,36466.4,33940.0,36093.3,898.3,313.6,876.6,83.2,0.9542,1,0.8221
2026-10-R1,E3-s4.0-L10-r17,4.0,10,17,4317,5,298.1,2139.9,1841.8,36156.9,33574.0,37117.3,33940.0,37051.6,960.4,366.0,876.6,82.756,0.9542,1,0.9068
2026-10-R1,E3-s4.0-L10-r18,4.0,10,18,4318,5,303.5,2120.8,1817.3,35955.4,33516.6,36925.7,33940.0,36450.7,970.3,423.4,876.6,83.756,1.0,0,0.8854
2026-10-R1,E3-s4.0-L10-r19,4.0,10,19,4319,5,260.0,2095.1,1835.1,35790.8,33706.8,36836.8,33940.0,36645.2,1046.0,233.2,876.6,84.018,0.9542,1,0.5378
2026-10-R1,E3-s4.0-L10-r20,4.0,10,20,4320,5,261.7,2110.2,1848.5,35631.2,33492.2,36647.0,33940.0,36702.8,1015.8,447.8,876.6,83.443,1.0,0,0.5316
2026-10-R1,E3-s4.0-L10-r21,4.0,10,21,4321,5,337.4,2162.1,1824.7,36178.2,33419.7,37010.4,33940.0,36692.3,832.2,520.3,876.6,83.031,1.0,0,0.7481
2026-10-R1,E3-s4.0-L10-r22,4.0,10,22,4322,5,352.5,2178.8,1826.3,36318.9,33574.2,37525.3,33940.0,37092.2,1206.4,365.8,876.6,84.203,1.0,0,0.6474
2026-10-R1,E3-s4.0-L10-r23,4.0,10,23,4323,5,217.9,2054.3,1836.4,35177.2,33540.7,36649.3,33940.0,35768.9,1472.1,399.3,876.6,84.103,1.0,0,0.8124
2026-10-R1,E3-s4.0-L10-r24,4.0,10,24,4324,5,258.2,2101.4,1843.2,35793.2,33582.9,36887.0,33940.0,36344.8,1093.8,357.1,876.6,83.322,1.0,0,0.7964
2026-10-R1,E3-s4.0-L10-r25,4.0,10,25,4325,5,218.4,2046.9,1828.5,35243.1,33248.3,36329.6,33940.0,35676.1,1086.5,691.7,876.6,83.109,1.0,0,0.5727
2026-10-R1,E3-s4.0-L10-r26,4.0,10,26,4326,5,299.6,2102.8,1803.2,36078.5,33455.2,37054.3,33940.0,36299.6,975.8,484.8,876.6,84.319,1.0,0,0.5192
2026-10-R1,E3-s4.0-L10-r27,4.0,10,27,4327,5,321.3,2147.8,1826.5,36323.0,33572.7,37165.4,33940.0,36921.4,842.4,367.3,876.6,83.837,0.9542,1,0.6431
2026-10-R1,E3-s4.0-L10-r28,4.0,10,28,4328,5,174.8,2025.1,1850.3,35363.9,33645.2,36168.8,33940.0,35932.2,804.9,294.8,876.6,83.932,1.0,0,0.6254
2026-10-R1,E3-s4.0-L10-r29,4.0,10,29,4329,5,291.8,2169.5,1877.7,36333.6,34019.1,37456.7,33940.0,37105.6,1123.1,-79.1,876.6,83.919,1.0,0,0.6791
