experiment,item,run_id,cost_basis,time_limit_s,eta_regen,mass_scenario,E_dem_wh,E_dem_sd_wh,E_dem_min_wh,E_dem_max_wh,E_dem_reference_wh,voti_wh,voti_sd_wh,voti_pct,voti_positive,jaccard,kendall_tau,variant,neighbourhood_constraint,dem_scale,km,voti_vs_planar_wh,voti_vs_planar_pct,stops_changing_line,jaccard_vs_constrained,stops_changing_vs_constrained,sigma_m,corr_len_cells,voti_p05_wh,voti_p95_wh,voti_mean_wh,share_voti_negative,spurious_climb_m,modal_line_stability,negative_edges,pairs_differing,max_abs_diff_wh,max_rel_diff_pct,negative_cycle,identical,network,load_profile,sequence_source,line,oneway_segments_violated,share_of_length_pct,reverse_as_driven_legal,E_forward_wh,E_reverse_physical_wh,E_legal_reverse_wh,asymmetry_physical,asymmetry_legal,evaluated_on,planar_error_pct,diff_mean_m,diff_sd_m,abs_diff_p95_m,grade_100m_pearson_r
E1,"distance × 15 s, 10 seeds",2026-10-R1,distance,15,0.5,average,34093.4,94.6,33988.4,34312.9,33940.0,,,,,1.0,0.68,,,,,,,,,,,,,,,,,,,,,,,,,,,,,,,,,,,,,,,,,
E1,"distance × 60 s, 10 seeds",2026-10-R1,distance,60,0.5,average,34093.4,94.6,33988.4,34312.9,33940.0,,,,,1.0,0.68,,,,,,,,,,,,,,,,,,,,,,,,,,,,,,,,,,,,,,,,,
E1,"distance × 300 s, 10 seeds",2026-10-R1,distance,300,0.5,average,34069.1,95.8,33977.6,34277.8,33940.0,,,,,1.0,0.754,,,,,,,,,,,,,,,,,,,,,,,,,,,,,,,,,,,,,,,,,
E1,"energy-dem × 15 s, 10 seeds",2026-10-R1,energy-dem,15,0.5,average,33141.7,117.7,32995.5,33391.3,33063.4,951.6,136.1,2.79,10,1.0,0.459,,,,,,,,,,,,,,,,,,,,,,,,,,,,,,,,,,,,,,,,,
E1,"energy-dem × 60 s, 10 seeds",2026-10-R1,energy-dem,60,0.5,average,33141.7,117.7,32995.5,33391.3,33063.4,951.6,136.1,2.79,10,1.0,0.455,,,,,,,,,,,,,,,,,,,,,,,,,,,,,,,,,,,,,,,,,
E1,"energy-dem × 300 s, 10 seeds",2026-10-R1,energy-dem,300,0.5,average,33092.1,94.5,32995.5,33263.5,33063.4,977.0,51.9,2.87,10,1.0,0.496,,,,,,,,,,,,,,,,,,,,,,,,,,,,,,,,,,,,,,,,,
E2,"on, η 0.5, dem_scale 1.0",2026-10-R1,energy-dem,15,0.5,average,33063.4,,,,,876.6,,2.58,,1.0,0.598,on,on,1.0,83.8,1095.5,3.21,0,1.0,0,,,,,,,,,,,,,,,,,,,,,,,,,,,,,,,,
E2,"on, η 0.7, dem_scale 1.0",2026-10-R1,energy-dem,15,0.7,average,29228.0,,,,,1501.6,,4.89,,0.969,0.8137,on,on,1.0,81.331,1615.3,5.24,1,1.0,0,,,,,,,,,,,,,,,,,,,,,,,,,,,,,,,,
E2,"on, η 0.5, dem_scale 1.5",2026-10-R1,energy-dem,15,0.5,average,38440.8,,,,,3238.2,,7.77,,0.969,0.5222,on,on,1.5,83.019,3534.9,8.42,1,1.0,0,,,,,,,,,,,,,,,,,,,,,,,,,,,,,,,,
E2,"on, η 0.5, dem_scale 2.0",2026-10-R1,energy-dem,15,0.5,average,43261.5,,,,,5335.9,,10.98,,0.969,0.5038,on,on,2.0,84.246,5678.5,11.6,1,1.0,0,,,,,,,,,,,,,,,,,,,,,,,,,,,,,,,,
E2,"off_cold_15, η 0.5, dem_scale 1.0",2026-10-R1,energy-dem,15,0.5,average,34723.8,,,,,2351.2,,6.34,,0.3621,0.1513,off_cold_15,off,1.0,85.114,4482.6,11.43,62,0.3516,60,,,,,,,,,,,,,,,,,,,,,,,,,,,,,,,,
E2,"off_cold_15, η 0.7, dem_scale 1.0",2026-10-R1,energy-dem,15,0.7,average,33828.3,,,,,-156.1,,-0.46,,0.1686,0.6124,off_cold_15,off,1.0,96.311,1487.4,4.21,71,0.1594,82,,,,,,,,,,,,,,,,,,,,,,,,,,,,,,,,
E2,"off_cold_15, η 0.5, dem_scale 1.5",2026-10-R1,energy-dem,15,0.5,average,39075.6,,,,,6068.2,,13.44,,0.4361,-0.2348,off_cold_15,off,1.5,85.78,8959.8,18.65,53,0.2866,64,,,,,,,,,,,,,,,,,,,,,,,,,,,,,,,,
E2,"off_cold_15, η 0.5, dem_scale 2.0",2026-10-R1,energy-dem,15,0.5,average,46979.0,,,,,5054.6,,9.71,,0.1796,0.3567,off_cold_15,off,2.0,93.332,8559.1,15.41,71,0.2356,73,,,,,,,,,,,,,,,,,,,,,,,,,,,,,,,,
E2,"off_warm_15, η 0.5, dem_scale 1.0",2026-10-R1,energy-dem,15,0.5,average,31454.9,,,,,231.4,,0.73,,0.5821,0.3339,off_warm_15,off,1.0,75.864,280.5,0.88,35,0.2629,68,,,,,,,,,,,,,,,,,,,,,,,,,,,,,,,,
E2,"off_warm_15, η 0.7, dem_scale 1.0",2026-10-R1,energy-dem,15,0.7,average,28259.8,,,,,210.8,,0.74,,0.4957,0.3318,off_warm_15,off,1.0,75.234,181.1,0.64,39,0.2963,72,,,,,,,,,,,,,,,,,,,,,,,,,,,,,,,,
E2,"off_warm_15, η 0.5, dem_scale 1.5",2026-10-R1,energy-dem,15,0.5,average,37654.4,,,,,1115.2,,2.88,,0.5372,0.0511,off_warm_15,off,1.5,79.633,1339.4,3.43,50,0.3244,69,,,,,,,,,,,,,,,,,,,,,,,,,,,,,,,,
E2,"off_warm_15, η 0.5, dem_scale 2.0",2026-10-R1,energy-dem,15,0.5,average,42054.4,,,,,2754.0,,6.15,,0.6494,0.5027,off_warm_15,off,2.0,80.189,2942.2,6.54,25,0.3724,59,,,,,,,,,,,,,,,,,,,,,,,,,,,,,,,,
E2,"off_warm_300, η 0.5, dem_scale 1.0",2026-10-R1,energy-dem,300,0.5,average,31124.0,,,,,-655.7,,-2.15,,0.5764,0.3292,off_warm_300,off,1.0,74.918,480.2,1.52,34,0.2574,68,,,,,,,,,,,,,,,,,,,,,,,,,,,,,,,,
E2,"off_warm_300, η 0.7, dem_scale 1.0",2026-10-R1,energy-dem,300,0.7,average,27883.8,,,,,-564.3,,-2.07,,0.4979,0.5602,off_warm_300,off,1.0,74.873,413.8,1.46,29,0.2405,72,,,,,,,,,,,,,,,,,,,,,,,,,,,,,,,,
E2,"off_warm_300, η 0.5, dem_scale 1.5",2026-10-R1,energy-dem,300,0.5,average,37202.3,,,,,116.9,,0.31,,0.5092,0.1762,off_warm_300,off,1.5,79.112,1645.5,4.24,54,0.3197,69,,,,,,,,,,,,,,,,,,,,,,,,,,,,,,,,
E2,"off_warm_300, η 0.5, dem_scale 2.0",2026-10-R1,energy-dem,300,0.5,average,41995.4,,,,,1299.2,,3.0,,0.6983,0.2147,off_warm_300,off,2.0,79.953,2888.4,6.44,21,0.4104,53,,,,,,,,,,,,,,,,,,,,,,,,,,,,,,,,
E2,"off_warm_300_from_distance, η 0.5, dem_scale 1.0",2026-10-R1,energy-dem,300,0.5,average,30462.0,,,,,,,,,,,off_warm_300_from_distance,off,1.0,72.331,,,,0.2015,78,,,,,,,,,,,,,,,,,,,,,,,,,,,,,,,,
E2,"off_warm_300_from_planar, η 0.5, dem_scale 1.0",2026-10-R1,energy-dem,300,0.5,average,30609.1,,,,,,,,,,,off_warm_300_from_planar,off,1.0,73.708,,,,0.3803,52,,,,,,,,,,,,,,,,,,,,,,,,,,,,,,,,
E2,"on_warm_300_from_distance, η 0.5, dem_scale 1.0",2026-10-R1,energy-dem,300,0.5,average,33008.7,,,,,,,,,,,on_warm_300_from_distance,on,1.0,84.009,,,,1.0,0,,,,,,,,,,,,,,,,,,,,,,,,,,,,,,,,
E2,"on_warm_300_from_planar, η 0.5, dem_scale 1.0",2026-10-R1,energy-dem,300,0.5,average,33010.0,,,,,,,,,,,on_warm_300_from_planar,on,1.0,84.252,,,,1.0,0,,,,,,,,,,,,,,,,,,,,,,,,,,,,,,,,
E3,"σ 1.0 m, L 3 cells, 30 repeats",2026-10-R1,,5,0.5,average,33171.9,143.6,,,,752.9,,,,0.999,,,,,,,,0.03,,,1.0,3,638.3,843.4,768.1,0.0,49.1,0.9997,,,,,,,,,,,,,,,,,,,,,,,,
E3,"σ 2.0 m, L 3 cells, 30 repeats",2026-10-R1,,5,0.5,average,33450.3,249.6,,,,466.6,,,,0.9934,,,,,,,,0.17,,,2.0,3,145.8,814.1,489.7,0.0,185.3,0.9987,,,,,,,,,,,,,,,,,,,,,,,,
E3,"σ 2.5 m, L 3 cells, 30 repeats",2026-10-R1,,5,0.5,average,33692.5,254.6,,,,237.4,,,,0.9944,,,,,,,,0.13,,,2.5,3,-83.3,479.9,247.5,0.1,281.3,0.999,,,,,,,,,,,,,,,,,,,,,,,,
E3,"σ 4.0 m, L 3 cells, 30 repeats",2026-10-R1,,5,0.5,average,34117.6,347.0,,,,-277.6,,,,0.9893,,,,,,,,0.27,,,4.0,3,-616.2,504.9,-177.6,0.767,609.9,0.9979,,,,,,,,,,,,,,,,,,,,,,,,
E3,"σ 1.0 m, L 10 cells, 30 repeats",2026-10-R1,,5,0.5,average,33028.5,249.8,,,,826.2,,,,0.9959,,,,,,,,0.13,,,1.0,10,773.6,1552.9,911.5,0.0,15.4,0.999,,,,,,,,,,,,,,,,,,,,,,,,
E3,"σ 2.0 m, L 10 cells, 30 repeats",2026-10-R1,,5,0.5,average,33116.6,317.6,,,,715.0,,,,0.9872,,,,,,,,0.33,,,2.0,10,578.8,1520.8,823.4,0.0,66.9,0.9974,,,,,,,,,,,,,,,,,,,,,,,,
E3,"σ 2.5 m, L 10 cells, 30 repeats",2026-10-R1,,5,0.5,average,33231.6,236.9,,,,654.1,,,,0.9898,,,,,,,,0.27,,,2.5,10,478.7,1269.3,708.4,0.0,111.2,0.9979,,,,,,,,,,,,,,,,,,,,,,,,
E3,"σ 4.0 m, L 10 cells, 30 repeats",2026-10-R1,,5,0.5,average,33466.0,282.3,,,,411.4,,,,0.9847,,,,,,,,0.37,,,4.0,10,209.3,1151.9,474.0,0.033,273.0,0.9972,,,,,,,,,,,,,,,,,,,,,,,,
E4,"η 0.0, empty",2026-10-R1,,,0.0,empty,,,,,,,,,,,,,,,,,,,,,,,,,,,,,0,0,0.0,0.0,False,,,,,,,,,,,,,,,,,,,
E4,"η 0.0, average",2026-10-R1,,,0.0,average,,,,,,,,,,,,,,,,,,,,,,,,,,,,,0,0,0.0,0.0,False,,,,,,,,,,,,,,,,,,,
E4,"η 0.0, full",2026-10-R1,,,0.0,full,,,,,,,,,,,,,,,,,,,,,,,,,,,,,0,0,0.0,0.0,False,,,,,,,,,,,,,,,,,,,
E4,"η 0.3, empty",2026-10-R1,,,0.3,empty,,,,,,,,,,,,,,,,,,,,,,,,,,,,,1,0,0.0,0.0,False,,,,,,,,,,,,,,,,,,,
E4,"η 0.3, average",2026-10-R1,,,0.3,average,,,,,,,,,,,,,,,,,,,,,,,,,,,,,1,0,0.0,0.0,False,,,,,,,,,,,,,,,,,,,
E4,"η 0.3, full",2026-10-R1,,,0.3,full,,,,,,,,,,,,,,,,,,,,,,,,,,,,,1,0,0.0,0.0,False,,,,,,,,,,,,,,,,,,,
E4,"η 0.5, empty",2026-10-R1,,,0.5,empty,,,,,,,,,,,,,,,,,,,,,,,,,,,,,5,0,0.0,0.0,False,,,,,,,,,,,,,,,,,,,
E4,"η 0.5, average",2026-10-R1,,,0.5,average,,,,,,,,,,,,,,,,,,,,,,,,,,,,,6,0,0.0,0.0,False,,,,,,,,,,,,,,,,,,,
E4,"η 0.5, full",2026-10-R1,,,0.5,full,,,,,,,,,,,,,,,,,,,,,,,,,,,,,6,0,0.0,0.0,False,,,,,,,,,,,,,,,,,,,
E4,"η 0.7, empty",2026-10-R1,,,0.7,empty,,,,,,,,,,,,,,,,,,,,,,,,,,,,,13,125,29.89,2.8827,False,,,,,,,,,,,,,,,,,,,
E4,"η 0.7, average",2026-10-R1,,,0.7,average,,,,,,,,,,,,,,,,,,,,,,,,,,,,,14,125,31.601,2.7429,False,,,,,,,,,,,,,,,,,,,
E4,"η 0.7, full",2026-10-R1,,,0.7,full,,,,,,,,,,,,,,,,,,,,,,,,,,,,,14,125,33.313,2.6304,False,,,,,,,,,,,,,,,,,,,
E4,re-optimisation with exact potentials,2026-10-R1,,15,0.5,average,33063.4,,,,33063.4,876.6,,2.58,,1.0,1.0,,,,,,,,,,,,,,,,,,,,,,,True,,,,,,,,,,,,,,,,,,
E5,"dem_opt, constant_7pax, as_found",2026-10-R1,,,0.5,,33063.4,,,,,,,,,,,,,,,,,,,,,,,,,,,,,,,,,,dem_opt,constant_7pax,as_found,,,,,,,,,,,,,,,
E5,"dem_opt, constant_7pax, load_aware_dem",2026-10-R1,,,0.5,,33063.4,,,,,,,,,,,,,,,,,,,,,,,,,,,,,,,,,,dem_opt,constant_7pax,load_aware_dem,,,,,,,,,,,,,,,
E5,"dem_opt, constant_7pax, load_aware_planar",2026-10-R1,,,0.5,,34198.0,,,,,,,,,,,,,,,,,,,,,,,,,,,,,,,,,,dem_opt,constant_7pax,load_aware_planar,,,,,,,,,,,,,,,
E5,"dem_opt, decreasing_demand, as_found",2026-10-R1,,,0.5,,33602.7,,,,,,,,,,,,,,,,,,,,,,,,,,,,,,,,,,dem_opt,decreasing_demand,as_found,,,,,,,,,,,,,,,
E5,"dem_opt, decreasing_demand, load_aware_dem",2026-10-R1,,,0.5,,33577.9,,,,,,,,,,,,,,,,,,,,,,,,,,,,,,,,,,dem_opt,decreasing_demand,load_aware_dem,,,,,,,,,,,,,,,
E5,"dem_opt, decreasing_demand, load_aware_planar",2026-10-R1,,,0.5,,34324.0,,,,,,,,,,,,,,,,,,,,,,,,,,,,,,,,,,dem_opt,decreasing_demand,load_aware_planar,,,,,,,,,,,,,,,
E5,"dem_opt, decreasing_equal, as_found",2026-10-R1,,,0.5,,33625.1,,,,,,,,,,,,,,,,,,,,,,,,,,,,,,,,,,dem_opt,decreasing_equal,as_found,,,,,,,,,,,,,,,
E5,"dem_opt, decreasing_equal, load_aware_dem",2026-10-R1,,,0.5,,33600.2,,,,,,,,,,,,,,,,,,,,,,,,,,,,,,,,,,dem_opt,decreasing_equal,load_aware_dem,,,,,,,,,,,,,,,
E5,"dem_opt, decreasing_equal, load_aware_planar",2026-10-R1,,,0.5,,34303.4,,,,,,,,,,,,,,,,,,,,,,,,,,,,,,,,,,dem_opt,decreasing_equal,load_aware_planar,,,,,,,,,,,,,,,
E5,"distance_opt, constant_7pax, as_found",2026-10-R1,,,0.5,,33940.0,,,,,,,,,,,,,,,,,,,,,,,,,,,,,,,,,,distance_opt,constant_7pax,as_found,,,,,,,,,,,,,,,
E5,"distance_opt, constant_7pax, load_aware_dem",2026-10-R1,,,0.5,,33063.4,,,,,,,,,,,,,,,,,,,,,,,,,,,,,,,,,,distance_opt,constant_7pax,load_aware_dem,,,,,,,,,,,,,,,
E5,"distance_opt, constant_7pax, load_aware_planar",2026-10-R1,,,0.5,,34158.9,,,,,,,,,,,,,,,,,,,,,,,,,,,,,,,,,,distance_opt,constant_7pax,load_aware_planar,,,,,,,,,,,,,,,
E5,"distance_opt, decreasing_demand, as_found",2026-10-R1,,,0.5,,34300.2,,,,,,,,,,,,,,,,,,,,,,,,,,,,,,,,,,distance_opt,decreasing_demand,as_found,,,,,,,,,,,,,,,
E5,"distance_opt, decreasing_demand, load_aware_dem",2026-10-R1,,,0.5,,33567.8,,,,,,,,,,,,,,,,,,,,,,,,,,,,,,,,,,distance_opt,decreasing_demand,load_aware_dem,,,,,,,,,,,,,,,
E5,"distance_opt, decreasing_demand, load_aware_planar",2026-10-R1,,,0.5,,34324.0,,,,,,,,,,,,,,,,,,,,,,,,,,,,,,,,,,distance_opt,decreasing_demand,load_aware_planar,,,,,,,,,,,,,,,
E5,"distance_opt, decreasing_equal, as_found",2026-10-R1,,,0.5,,34305.4,,,,,,,,,,,,,,,,,,,,,,,,,,,,,,,,,,distance_opt,decreasing_equal,as_found,,,,,,,,,,,,,,,
E5,"distance_opt, decreasing_equal, load_aware_dem",2026-10-R1,,,0.5,,33588.8,,,,,,,,,,,,,,,,,,,,,,,,,,,,,,,,,,distance_opt,decreasing_equal,load_aware_dem,,,,,,,,,,,,,,,
E5,"distance_opt, decreasing_equal, load_aware_planar",2026-10-R1,,,0.5,,34303.4,,,,,,,,,,,,,,,,,,,,,,,,,,,,,,,,,,distance_opt,decreasing_equal,load_aware_planar,,,,,,,,,,,,,,,
E5,"municipal_as_drawn, constant_7pax, as_drawn",2026-10-R1,,,0.5,,36099.8,,,,,,,,,,,,,,,,,,,,,,,,,,,,,,,,,,municipal_as_drawn,constant_7pax,as_drawn,,,,,,,,,,,,,,,
E5,"municipal_as_drawn, decreasing_demand, as_drawn",2026-10-R1,,,0.5,,31256.5,,,,,,,,,,,,,,,,,,,,,,,,,,,,,,,,,,municipal_as_drawn,decreasing_demand,as_drawn,,,,,,,,,,,,,,,
E5,"municipal_as_drawn, decreasing_equal, as_drawn",2026-10-R1,,,0.5,,31253.9,,,,,,,,,,,,,,,,,,,,,,,,,,,,,,,,,,municipal_as_drawn,decreasing_equal,as_drawn,,,,,,,,,,,,,,,
E5,"municipal_on_graph, constant_7pax, as_found",2026-10-R1,,,0.5,,35273.3,,,,,,,,,,,,,,,,,,,,,,,,,,,,,,,,,,municipal_on_graph,constant_7pax,as_found,,,,,,,,,,,,,,,
E5,"municipal_on_graph, constant_7pax, load_aware_dem",2026-10-R1,,,0.5,,29675.7,,,,,,,,,,,,,,,,,,,,,,,,,,,,,,,,,,municipal_on_graph,constant_7pax,load_aware_dem,,,,,,,,,,,,,,,
E5,"municipal_on_graph, constant_7pax, load_aware_planar",2026-10-R1,,,0.5,,30788.9,,,,,,,,,,,,,,,,,,,,,,,,,,,,,,,,,,municipal_on_graph,constant_7pax,load_aware_planar,,,,,,,,,,,,,,,
E5,"municipal_on_graph, decreasing_demand, as_found",2026-10-R1,,,0.5,,35649.0,,,,,,,,,,,,,,,,,,,,,,,,,,,,,,,,,,municipal_on_graph,decreasing_demand,as_found,,,,,,,,,,,,,,,
E5,"municipal_on_graph, decreasing_demand, load_aware_dem",2026-10-R1,,,0.5,,30215.1,,,,,,,,,,,,,,,,,,,,,,,,,,,,,,,,,,municipal_on_graph,decreasing_demand,load_aware_dem,,,,,,,,,,,,,,,
E5,"municipal_on_graph, decreasing_demand, load_aware_planar",2026-10-R1,,,0.5,,30618.7,,,,,,,,,,,,,,,,,,,,,,,,,,,,,,,,,,municipal_on_graph,decreasing_demand,load_aware_planar,,,,,,,,,,,,,,,
E5,"municipal_on_graph, decreasing_equal, as_found",2026-10-R1,,,0.5,,35650.7,,,,,,,,,,,,,,,,,,,,,,,,,,,,,,,,,,municipal_on_graph,decreasing_equal,as_found,,,,,,,,,,,,,,,
E5,"municipal_on_graph, decreasing_equal, load_aware_dem",2026-10-R1,,,0.5,,30223.0,,,,,,,,,,,,,,,,,,,,,,,,,,,,,,,,,,municipal_on_graph,decreasing_equal,load_aware_dem,,,,,,,,,,,,,,,
E5,"municipal_on_graph, decreasing_equal, load_aware_planar",2026-10-R1,,,0.5,,30671.9,,,,,,,,,,,,,,,,,,,,,,,,,,,,,,,,,,municipal_on_graph,decreasing_equal,load_aware_planar,,,,,,,,,,,,,,,
E5,"planar_opt, constant_7pax, as_found",2026-10-R1,,,0.5,,34158.9,,,,,,,,,,,,,,,,,,,,,,,,,,,,,,,,,,planar_opt,constant_7pax,as_found,,,,,,,,,,,,,,,
E5,"planar_opt, constant_7pax, load_aware_dem",2026-10-R1,,,0.5,,33063.4,,,,,,,,,,,,,,,,,,,,,,,,,,,,,,,,,,planar_opt,constant_7pax,load_aware_dem,,,,,,,,,,,,,,,
E5,"planar_opt, constant_7pax, load_aware_planar",2026-10-R1,,,0.5,,34158.9,,,,,,,,,,,,,,,,,,,,,,,,,,,,,,,,,,planar_opt,constant_7pax,load_aware_planar,,,,,,,,,,,,,,,
E5,"planar_opt, decreasing_demand, as_found",2026-10-R1,,,0.5,,34440.3,,,,,,,,,,,,,,,,,,,,,,,,,,,,,,,,,,planar_opt,decreasing_demand,as_found,,,,,,,,,,,,,,,
E5,"planar_opt, decreasing_demand, load_aware_dem",2026-10-R1,,,0.5,,33567.8,,,,,,,,,,,,,,,,,,,,,,,,,,,,,,,,,,planar_opt,decreasing_demand,load_aware_dem,,,,,,,,,,,,,,,
E5,"planar_opt, decreasing_demand, load_aware_planar",2026-10-R1,,,0.5,,34324.0,,,,,,,,,,,,,,,,,,,,,,,,,,,,,,,,,,planar_opt,decreasing_demand,load_aware_planar,,,,,,,,,,,,,,,
E5,"planar_opt, decreasing_equal, as_found",2026-10-R1,,,0.5,,34444.9,,,,,,,,,,,,,,,,,,,,,,,,,,,,,,,,,,planar_opt,decreasing_equal,as_found,,,,,,,,,,,,,,,
E5,"planar_opt, decreasing_equal, load_aware_dem",2026-10-R1,,,0.5,,33588.8,,,,,,,,,,,,,,,,,,,,,,,,,,,,,,,,,,planar_opt,decreasing_equal,load_aware_dem,,,,,,,,,,,,,,,
E5,"planar_opt, decreasing_equal, load_aware_planar",2026-10-R1,,,0.5,,34303.4,,,,,,,,,,,,,,,,,,,,,,,,,,,,,,,,,,planar_opt,decreasing_equal,load_aware_planar,,,,,,,,,,,,,,,
E6,dem_opt Line 1,2026-10-R1,,,0.5,average,,,,,,,,,,,,,,,,,,,,,,,,,,,,,,,,,,,dem_opt,,,Line 1,7,3.39,False,2906.0,2946.9,2926.3,0.0139,0.0069,,,,,,
E6,dem_opt Line 2,2026-10-R1,,,0.5,average,,,,,,,,,,,,,,,,,,,,,,,,,,,,,,,,,,,dem_opt,,,Line 2,21,19.65,False,3336.6,3363.1,3785.7,0.0079,0.1186,,,,,,
E6,dem_opt Line 3,2026-10-R1,,,0.5,average,,,,,,,,,,,,,,,,,,,,,,,,,,,,,,,,,,,dem_opt,,,Line 3,10,4.55,False,4255.4,4201.8,4463.0,0.0126,0.0465,,,,,,
E6,dem_opt Line 4,2026-10-R1,,,0.5,average,,,,,,,,,,,,,,,,,,,,,,,,,,,,,,,,,,,dem_opt,,,Line 4,31,38.41,False,4081.8,3922.6,8202.5,0.039,0.5024,,,,,,
E6,dem_opt Line 5,2026-10-R1,,,0.5,average,,,,,,,,,,,,,,,,,,,,,,,,,,,,,,,,,,,dem_opt,,,Line 5,32,18.01,False,4578.3,4837.5,6050.8,0.0536,0.2434,,,,,,
E6,dem_opt Line 6,2026-10-R1,,,0.5,average,,,,,,,,,,,,,,,,,,,,,,,,,,,,,,,,,,,dem_opt,,,Line 6,18,5.7,False,11506.1,12289.8,11982.9,0.0638,0.0398,,,,,,
E6,dem_opt Line 7,2026-10-R1,,,0.5,average,,,,,,,,,,,,,,,,,,,,,,,,,,,,,,,,,,,dem_opt,,,Line 7,22,31.72,False,1531.7,2018.4,2171.7,0.2412,0.2947,,,,,,
E6,dem_opt Line 8,2026-10-R1,,,0.5,average,,,,,,,,,,,,,,,,,,,,,,,,,,,,,,,,,,,dem_opt,,,Line 8,37,94.28,False,867.5,847.2,1503.9,0.0234,0.4231,,,,,,
E6,municipal_as_drawn AKSALUR,2026-10-R1,,,0.5,average,,,,,,,,,,,,,,,,,,,,,,,,,,,,,,,,,,,municipal_as_drawn,,,AKSALUR,20,5.09,False,11498.8,,11967.5,,0.0392,,,,,,
E6,municipal_as_drawn BAHÇELİEVLER,2026-10-R1,,,0.5,average,,,,,,,,,,,,,,,,,,,,,,,,,,,,,,,,,,,municipal_as_drawn,,,BAHÇELİEVLER,49,35.59,False,4269.0,,4220.2,,0.0114,,,,,,
E6,municipal_as_drawn EVKA,2026-10-R1,,,0.5,average,,,,,,,,,,,,,,,,,,,,,,,,,,,,,,,,,,,municipal_as_drawn,,,EVKA,77,58.36,False,5648.7,,6439.0,,0.1227,,,,,,
E6,municipal_as_drawn FATİH,2026-10-R1,,,0.5,average,,,,,,,,,,,,,,,,,,,,,,,,,,,,,,,,,,,municipal_as_drawn,,,FATİH,43,32.41,False,3835.1,,3682.6,,0.0398,,,,,,
E6,municipal_as_drawn HADOSAN,2026-10-R1,,,0.5,average,,,,,,,,,,,,,,,,,,,,,,,,,,,,,,,,,,,municipal_as_drawn,,,HADOSAN,43,53.53,False,,,,,,,,,,,
E6,municipal_as_drawn KAVAKLIÖNÜ,2026-10-R1,,,0.5,average,,,,,,,,,,,,,,,,,,,,,,,,,,,,,,,,,,,municipal_as_drawn,,,KAVAKLIÖNÜ,65,60.98,False,3879.3,,5287.3,,0.2663,,,,,,
E6,municipal_as_drawn TOKİ,2026-10-R1,,,0.5,average,,,,,,,,,,,,,,,,,,,,,,,,,,,,,,,,,,,municipal_as_drawn,,,TOKİ,82,45.49,False,6142.4,,6489.8,,0.0535,,,,,,
E6,municipal_as_drawn ÜSET,2026-10-R1,,,0.5,average,,,,,,,,,,,,,,,,,,,,,,,,,,,,,,,,,,,municipal_as_drawn,,,ÜSET,31,39.39,False,,,,,,,,,,,
E7,distance_opt on aw3d30-v1,2026-10-R1,,,0.5,average,34299.9,,,,,,,,,1.0,0.9931,,,,,,,,,,,,,,,,,,,,,,,,distance_opt,,,,,,,,,,,,aw3d30-v1,-36.26,,,,
E7,distance_opt on glo30-v1,2026-10-R1,,,0.5,average,33940.0,,,,,,,,,1.0,0.9931,,,,,,,,,,,,,,,,,,,,,,,,distance_opt,,,,,,,,,,,,glo30-v1,-35.58,,,,
E7,planar_opt on aw3d30-v1,2026-10-R1,,,0.5,average,34598.8,,,,,,,,,1.0,0.9931,,,,,,,,,,,,,,,,,,,,,,,,planar_opt,,,,,,,,,,,,aw3d30-v1,-36.84,,,,
E7,planar_opt on glo30-v1,2026-10-R1,,,0.5,average,34158.9,,,,,,,,,1.0,0.9931,,,,,,,,,,,,,,,,,,,,,,,,planar_opt,,,,,,,,,,,,glo30-v1,-36.03,,,,
E7,dem_opt_glo30 on aw3d30-v1,2026-10-R1,,,0.5,average,33404.5,,,,,895.4,,2.61,,1.0,0.9931,,,,,,,,,,,,,,,,,,,,,,,,dem_opt_glo30,,,,,,,,,,,,aw3d30-v1,-33.02,,,,
E7,dem_opt_glo30 on glo30-v1,2026-10-R1,,,0.5,average,33063.4,,,,,876.6,,2.58,,1.0,0.9931,,,,,,,,,,,,,,,,,,,,,,,,dem_opt_glo30,,,,,,,,,,,,glo30-v1,-32.33,,,,
E7,dem_opt_aw3d30 on aw3d30-v1,2026-10-R1,,,0.5,average,33355.8,,,,,944.1,,2.75,,1.0,0.9931,,,,,,,,,,,,,,,,,,,,,,,,dem_opt_aw3d30,,,,,,,,,,,,aw3d30-v1,-32.87,,,,
E7,dem_opt_aw3d30 on glo30-v1,2026-10-R1,,,0.5,average,33119.0,,,,,821.0,,2.42,,1.0,0.9931,,,,,,,,,,,,,,,,,,,,,,,,dem_opt_aw3d30,,,,,,,,,,,,glo30-v1,-32.39,,,,
E7,AW3D30 − GLO-30 on road samples,2026-10-R1,,,,,,,,,,,,,,,,,,,,,,,,,,,,,,,,,,,,,,,,,,,,,,,,,,,,,-0.64,1.11,2.47,0.9786
