experiment,eta_regen,mass_scenario,E_dem_distance_opt,E_dem_planar_opt,E_dem_dem_opt,E_planar_distance_opt,E_planar_planar_opt,E_planar_dem_opt,km_distance_opt,km_planar_opt,km_dem_opt,climb_distance_opt,climb_planar_opt,climb_dem_opt,voti_vs_distance_wh,voti_vs_distance_pct,voti_vs_planar_wh,voti_vs_planar_pct,planar_error_distance_opt,planar_error_planar_opt,planar_error_dem_opt,terrain_penalty_dem_opt_wh,analytic_penalty_dem_opt_wh,friction_share_dem_opt,friction_share_distance_opt,asym_distance_opt,asym_planar_opt,asym_dem_opt,jaccard_distance_planar,jaccard_distance_dem,jaccard_planar_dem,stops_changed_distance_dem,stops_changed_planar_dem,tau_planar_dem,tau_distance_dem,slope_distance_ratio,dem_scale,E_scaled_distance_opt,E_scaled_dem_opt,E_scaled_planar_opt,noise_sigma_m,repeats,voti_p05,voti_p50,voti_p95,E_dem_opt_p05,E_dem_opt_p50,E_dem_opt_p95,mean_modal_share,share_stops_modal_ge_0_8,mean_jaccard_vs_anchor,cell_id,grade_cap,E_dem,E_planar,km,climb,planar_error,asym,E_dem_distance_opt_same_cap,jaccard_vs_A_dem,stops_changed_vs_A_dem,jaccard_vs_A_distance,routes,E_dem_reference,E_planar_reference,km_reference,climb_reference,planar_error_reference,mean_asymmetry_reference,max_asymmetry_reference,friction_share_reference
A,0.0,empty,38200.9,38783.4,37312.5,20531.9,20509.2,21050.7,81.83789999999999,82.2545,83.8972,1845.9,1885.6,1775.0,888.4,2.33,1470.9,3.79,-0.4625,-0.4712,-0.4358,16261.8,23085.1,0.0121,0.0192,0.0224,0.0208,0.037,1.0,1.0,1.0,0,0,0.6257,0.7434,0.00191,,,,,,,,,,,,,,,,,,,,,,,,,,,,,,,,,,,,
A,0.0,average,41965.3,42447.9,40944.9,21862.5,21851.7,22414.6,81.83789999999999,81.9755,83.8972,1845.9,1871.3,1775.0,1020.4,2.43,1503.0,3.54,-0.479,-0.4852,-0.4526,18530.3,25970.7,0.0211,0.0299,0.0218,0.0235,0.0367,1.0,1.0,1.0,0,0,0.8108,0.7947,0.00191,,,,,,,,,,,,,,,,,,,,,,,,,,,,,,,,,,,,
A,0.0,full,45731.9,46016.7,44579.3,23192.7,23183.8,23778.3,81.83789999999999,81.9054,83.8972,1845.9,1856.2,1775.0,1152.6,2.52,1437.4,3.12,-0.4929,-0.4962,-0.4666,20801.0,28856.4,0.0308,0.041,0.0214,0.0265,0.0365,1.0,1.0,1.0,0,0,0.7792,0.7696,0.00191,,,,,,,,,,,,,,,,,,,,,,,,,,,,,,,,,,,,
A,0.3,empty,33860.0,34244.4,33082.9,20531.9,20509.2,21066.2,81.83789999999999,82.2545,83.98060000000001,1845.9,1885.6,1774.5,777.1,2.3,1161.5,3.39,-0.3936,-0.4011,-0.3632,12016.7,16985.8,0.0136,0.0217,0.0243,0.0201,0.0426,1.0,1.0,1.0,0,0,0.6943,0.8121,0.00191,,,,,,,,,,,,,,,,,,,,,,,,,,,,,,,,,,,,
A,0.3,average,37150.2,37474.5,36230.3,21862.5,21851.7,22431.5,81.83789999999999,81.9755,83.98060000000001,1845.9,1871.3,1774.5,919.9,2.48,1244.2,3.32,-0.4115,-0.4169,-0.3809,13798.8,19109.1,0.0238,0.0338,0.0247,0.0239,0.0436,1.0,1.0,1.0,0,0,0.8076,0.7403,0.00191,,,,,,,,,,,,,,,,,,,,,,,,,,,,,,,,,,,,
A,0.3,full,40471.8,40646.0,39407.5,23192.7,23183.8,23796.6,81.83789999999999,81.9054,83.98060000000001,1845.9,1856.2,1774.5,1064.3,2.63,1238.5,3.05,-0.4269,-0.4296,-0.3961,15610.9,21232.3,0.0348,0.0463,0.0248,0.0273,0.0443,1.0,1.0,1.0,0,0,0.8025,0.8121,0.00191,,,,,,,,,,,,,,,,,,,,,,,,,,,,,,,,,,,,
A,0.5,empty,30966.2,31218.4,30234.9,20531.9,20509.2,21012.6,81.83789999999999,82.2545,83.8004,1845.9,1885.6,1783.9,731.3,2.36,983.5,3.15,-0.337,-0.343,-0.305,9222.3,12992.5,0.0149,0.0237,0.0259,0.0204,0.0549,1.0,1.0,1.0,0,0,0.427,0.5448,0.00193,,,,,,,,,,,,,,,,,,,,,,,,,,,,,,,,,,,,
A,0.5,average,33940.0,34158.9,33063.4,21862.5,21851.7,22375.0,81.83789999999999,81.9755,83.8004,1845.9,1871.3,1783.9,876.6,2.58,1095.5,3.21,-0.3558,-0.3603,-0.3233,10688.4,14616.5,0.0264,0.037,0.027,0.0249,0.0569,1.0,1.0,1.0,0,0,0.598,0.4649,0.00193,,,,,,,,,,,,,,,,,,,,,,,,,,,,,,,,,,,,
A,0.5,full,36964.9,37065.5,35937.6,23192.7,23183.8,23737.1,81.83789999999999,81.9054,83.8004,1845.9,1856.2,1783.9,1027.3,2.78,1127.9,3.04,-0.3726,-0.3745,-0.3395,12200.5,16240.6,0.0385,0.0507,0.0275,0.028,0.0583,1.0,1.0,1.0,0,0,0.5824,0.592,0.00193,,,,,,,,,,,,,,,,,,,,,,,,,,,,,,,,,,,,
A,0.7,empty,28072.2,28192.6,26784.1,20531.9,20509.2,20357.3,81.83789999999999,82.2545,81.14,1845.9,1885.6,1768.4,1288.1,4.59,1408.5,5.0,-0.2686,-0.2725,-0.2399,6426.8,8831.7,0.0134,0.0262,0.0276,0.0215,0.0297,1.0,0.969,0.969,1,1,0.7393,0.8571,0.00194,,,,,,,,,,,,,,,,,,,,,,,,,,,,,,,,,,,,
A,0.7,average,30729.6,30843.3,29228.0,21862.5,21851.7,21724.1,81.83789999999999,81.9755,81.33139999999999,1845.9,1871.3,1766.1,1501.6,4.89,1615.3,5.24,-0.2886,-0.2915,-0.2567,7503.9,9922.8,0.0254,0.0408,0.0296,0.027,0.0329,1.0,0.969,0.969,1,1,0.8137,0.804,0.00194,,,,,,,,,,,,,,,,,,,,,,,,,,,,,,,,,,,,
A,0.7,full,33458.2,33485.0,31718.7,23192.7,23183.8,23074.0,81.83789999999999,81.9054,81.4351,1845.9,1856.2,1763.4,1739.5,5.2,1766.3,5.27,-0.3068,-0.3076,-0.2725,8644.7,11008.4,0.0381,0.056,0.0307,0.0291,0.0322,1.0,0.969,0.969,1,1,0.5987,0.6083,0.00193,,,,,,,,,,,,,,,,,,,,,,,,,,,,,,,,,,,,
C,0.5,average,,,,,,,81.83789999999999,,81.9755,0.0,,0.0,10.8,0.05,0.0,0.0,0.0,,,,,0.0,,,,0.0,,1.0,1.0,0,0,,0.8366,,0.0,21862.5,21851.7,21851.7,,,,,,,,,,,,,,,,,,,,,,,,,,,,,,,,
C,0.5,average,,,,,,,81.83789999999999,,82.0037,943.4,,939.2,186.6,0.71,303.1,1.15,-0.1691,,,,,0.0028,,,,0.0145,,1.0,1.0,0,0,,0.5939,,0.5,26312.5,26125.9,26429.0,,,,,,,,,,,,,,,,,,,,,,,,,,,,,,,,
C,0.5,average,,,,,,,81.83789999999999,,83.8004,1845.9,,1783.9,876.6,2.58,1095.5,3.21,-0.3558,,,,,0.0264,,,,0.0569,,1.0,1.0,0,0,,0.4649,,1.0,33940.0,33063.4,34158.9,,,,,,,,,,,,,,,,,,,,,,,,,,,,,,,,
C,0.5,average,,,,,,,81.83789999999999,,83.0192,2649.8,,2452.8,3238.2,7.77,3534.9,8.42,-0.4755,,,,,0.0604,,,,0.0625,,0.969,0.969,1,1,,0.6087,,1.5,41679.0,38440.8,41975.7,,,,,,,,,,,,,,,,,,,,,,,,,,,,,,,,
C,0.5,average,,,,,,,81.83789999999999,,84.2458,3327.7,,3010.4,5335.9,10.98,5678.5,11.6,-0.5501,,,,,0.0916,,,,0.1001,,0.969,0.969,1,1,,0.6288,,2.0,48597.4,43261.5,48940.0,,,,,,,,,,,,,,,,,,,,,,,,,,,,,,,,
D,0.5,average,,,,,,,,,,,,,,,,,,,,,,,,,,,,,,,,,,,,,,,4.0,30,1184.0,1731.0,2692.3,38317.9,39071.2,40046.1,0.9982,0.9922,0.9908,,,,,,,,,,,,,,,,,,,,,
R,,,,,,,,,,,,,,,876.6,2.58,,,,,,,,,,,,,,,,,,,,,,,,,,,,,,,,,,,,R-dem-rep1,0.2,33063.4,22375.0,83.8004,1783.9,-0.3233,0.0569,33940.0,1.0,0,1.0,,,,,,,,,
R,,,,,,,,,,,,,,,876.6,2.58,,,,,,,,,,,,,,,,,,,,,,,,,,,,,,,,,,,,R-dem-rep2,0.2,33063.4,22375.0,83.8004,1783.9,-0.3233,0.0569,33940.0,1.0,0,1.0,,,,,,,,,
R,,,,,,,,,,,,,,,876.6,2.58,,,,,,,,,,,,,,,,,,,,,,,,,,,,,,,,,,,,R-dem-rep3,0.2,33063.4,22375.0,83.8004,1783.9,-0.3233,0.0569,33940.0,1.0,0,1.0,,,,,,,,,
R,,,,,,,,,,,,,,,0.0,0.0,,,,,,,,,,,,,,,,,,,,,,,,,,,,,,,,,,,,R-balance0-distance,0.2,33940.0,21862.5,81.83789999999999,1845.9,-0.3558,0.027,33940.0,1.0,0,1.0,,,,,,,,,
R,,,,,,,,,,,,,,,876.6,2.58,,,,,,,,,,,,,,,,,,,,,,,,,,,,,,,,,,,,R-balance0-dem,0.2,33063.4,22375.0,83.8004,1783.9,-0.3233,0.0569,33940.0,1.0,0,1.0,,,,,,,,,
R,,,,,,,,,,,,,,,1166.0,3.5,,,,,,,,,,,,,,,,,,,,,,,,,,,,,,,,,,,,R-cap0.15-dem,0.15,32153.9,22440.3,84.07589999999999,1714.2,-0.3021,0.0691,33319.9,1.0,0,1.0,,,,,,,,,
R,,,,,,,,,,,,,,,627.9,1.83,,,,,,,,,,,,,,,,,,,,,,,,,,,,,,,,,,,,R-cap0.3-dem,0.3,33745.4,22119.7,82.8372,1839.9,-0.3445,0.0234,34373.3,1.0,0,1.0,,,,,,,,,
E,0.0,empty,,,,,,,,,,,,,,,,,,,,,,,,,,,,,,,,,,,,,,,,,,,,,,,,,,,,,,,,,,,,,,8,40993.0,22719.9,96.87,1965.2,-0.4458,0.0141,0.0284,0.0008
E,0.0,average,,,,,,,,,,,,,,,,,,,,,,,,,,,,,,,,,,,,,,,,,,,,,,,,,,,,,,,,,,,,,,8,45030.2,24294.7,96.87,1965.2,-0.4605,0.0143,0.0286,0.0031
E,0.0,full,,,,,,,,,,,,,,,,,,,,,,,,,,,,,,,,,,,,,,,,,,,,,,,,,,,,,,,,,,,,,,8,49067.9,25869.3,96.87,1965.2,-0.4728,0.0145,0.0288,0.0064
E,0.3,empty,,,,,,,,,,,,,,,,,,,,,,,,,,,,,,,,,,,,,,,,,,,,,,,,,,,,,,,,,,,,,,8,36203.8,22719.9,96.87,1965.2,-0.3724,0.015,0.0347,0.0009
E,0.3,average,,,,,,,,,,,,,,,,,,,,,,,,,,,,,,,,,,,,,,,,,,,,,,,,,,,,,,,,,,,,,,8,39626.3,24294.7,96.87,1965.2,-0.3869,0.0154,0.0359,0.0035
E,0.3,full,,,,,,,,,,,,,,,,,,,,,,,,,,,,,,,,,,,,,,,,,,,,,,,,,,,,,,,,,,,,,,8,43068.1,25869.3,96.87,1965.2,-0.3993,0.016,0.0375,0.0072
E,0.5,empty,,,,,,,,,,,,,,,,,,,,,,,,,,,,,,,,,,,,,,,,,,,,,,,,,,,,,,,,,,,,,,8,33011.2,22719.9,96.87,1965.2,-0.3118,0.0158,0.0432,0.001
E,0.5,average,,,,,,,,,,,,,,,,,,,,,,,,,,,,,,,,,,,,,,,,,,,,,,,,,,,,,,,,,,,,,,8,36023.9,24294.7,96.87,1965.2,-0.3256,0.0164,0.0448,0.0039
E,0.5,full,,,,,,,,,,,,,,,,,,,,,,,,,,,,,,,,,,,,,,,,,,,,,,,,,,,,,,,,,,,,,,8,39067.9,25869.3,96.87,1965.2,-0.3378,0.0173,0.0473,0.008
E,0.7,empty,,,,,,,,,,,,,,,,,,,,,,,,,,,,,,,,,,,,,,,,,,,,,,,,,,,,,,,,,,,,,,8,29818.4,22719.9,96.87,1965.2,-0.2381,0.0167,0.0534,0.0011
E,0.7,average,,,,,,,,,,,,,,,,,,,,,,,,,,,,,,,,,,,,,,,,,,,,,,,,,,,,,,,,,,,,,,8,32421.1,24294.7,96.87,1965.2,-0.2507,0.0175,0.0556,0.0043
E,0.7,full,,,,,,,,,,,,,,,,,,,,,,,,,,,,,,,,,,,,,,,,,,,,,,,,,,,,,,,,,,,,,,8,35068.0,25869.3,96.87,1965.2,-0.2623,0.0188,0.0593,0.0089
