cell_id,seed,E_perturbed_distance_opt,E_perturbed_dem_opt,voti_perturbed_wh,E_base_dem_opt,climb_perturbed,climb_base,km_dem_opt,jaccard_vs_anchor,stops_changed_vs_anchor,E_base_distance_opt,voti_base_wh
D-noise-000,1000,41596.3,39435.4,2160.9,34017.4,2516.3,1857.0,85.1628,0.9542,1,33940.0,-77.4
D-noise-001,1001,40175.6,38614.2,1561.4,34474.7,2455.2,1914.2,85.2105,1.0,0,33940.0,-534.7
D-noise-002,1002,39785.0,38239.8,1545.2,33822.1,2408.4,1861.5,83.5986,1.0,0,33940.0,117.9
D-noise-003,1003,40362.1,38728.8,1633.3,33871.0,2435.7,1866.5,84.5234,1.0,0,33940.0,69.0
D-noise-004,1004,41468.7,38522.6,2946.1,33319.5,2463.4,1826.6,83.23,0.969,1,33940.0,620.5
D-noise-005,1005,40959.8,38802.9,2156.9,34605.0,2470.4,1910.0,84.8165,0.9542,1,33940.0,-665.0
D-noise-006,1006,42140.7,39991.8,2148.9,34405.1,2528.9,1878.8,85.58239999999999,1.0,0,33940.0,-465.1
D-noise-007,1007,40296.7,38560.2,1736.5,34302.8,2408.8,1885.6,85.0287,0.9542,1,33940.0,-362.8
D-noise-008,1008,40969.6,39543.1,1426.5,34529.0,2467.1,1902.3,85.205,1.0,0,33940.0,-589.0
D-noise-009,1009,41065.3,39364.0,1701.3,34508.7,2523.1,1922.1,84.25280000000001,1.0,0,33940.0,-568.7
D-noise-010,1010,40478.5,38996.9,1481.6,34073.7,2475.2,1899.2,83.6782,1.0,0,33940.0,-133.7
D-noise-011,1011,39823.9,38648.1,1175.8,34165.2,2431.3,1888.0,83.6989,1.0,0,33940.0,-225.2
D-noise-012,1012,40993.3,39487.8,1505.5,34587.0,2504.2,1898.4,85.4946,1.0,0,33940.0,-647.0
D-noise-013,1013,39981.6,37970.1,2011.5,33473.6,2361.3,1832.8,83.1113,0.969,1,33940.0,466.4
D-noise-014,1014,40739.4,39545.4,1194.0,34220.8,2494.8,1893.7,84.38680000000001,1.0,0,33940.0,-280.8
D-noise-015,1015,40455.9,38446.8,2009.1,34118.5,2407.5,1856.2,84.378,1.0,0,33940.0,-178.5
D-noise-016,1016,42001.2,40172.3,1828.9,34568.6,2591.6,1920.4,85.3708,1.0,0,33940.0,-628.6
D-noise-017,1017,41259.5,39637.5,1622.0,33812.4,2515.4,1863.9,84.34830000000001,1.0,0,33940.0,127.6
D-noise-018,1018,40898.0,39172.6,1725.4,34375.3,2482.9,1889.0,84.8937,1.0,0,33940.0,-435.3
D-noise-019,1019,41212.9,38578.7,2634.2,33301.5,2484.8,1823.2,83.1189,0.969,1,33940.0,638.5
D-noise-020,1020,40474.3,38717.5,1756.8,34245.7,2460.6,1879.4,84.881,1.0,0,33940.0,-305.7
D-noise-021,1021,41008.5,39145.4,1863.1,33963.7,2520.4,1877.1,84.791,1.0,0,33940.0,-23.7
D-noise-022,1022,40659.0,38413.3,2245.7,34339.2,2458.5,1907.1,84.32889999999999,0.9542,1,33940.0,-399.2
D-noise-023,1023,39840.3,38694.4,1145.9,33822.6,2459.4,1854.6,83.4777,1.0,0,33940.0,117.4
D-noise-024,1024,41593.0,39266.1,2326.9,34139.6,2487.2,1871.8,84.2567,1.0,0,33940.0,-199.6
D-noise-025,1025,42252.1,39512.3,2739.8,34585.4,2533.7,1901.4,85.6332,1.0,0,33940.0,-645.4
D-noise-026,1026,41358.1,39636.2,1721.9,33873.8,2532.4,1859.9,84.2939,1.0,0,33940.0,66.2
D-noise-027,1027,40203.8,38720.5,1483.3,34181.6,2444.0,1890.7,84.6988,1.0,0,33940.0,-241.6
D-noise-028,1028,41575.0,39977.9,1597.1,34379.3,2551.3,1878.6,85.8553,1.0,0,33940.0,-439.3
D-noise-029,1029,42276.9,40090.5,2186.4,34525.5,2608.9,1897.3,85.76089999999999,1.0,0,33940.0,-585.5
