run_id,cell_id,experiment,cost_basis,surface_opt,eta_regen_opt,mass_opt,dem_scale_opt,noise_seed_opt,eta_regen_eval,mass_eval,dem_scale_eval,noise_seed_eval,total_energy_wh_dem,total_energy_wh_planar,total_energy_wh_reverse_dem,total_distance_m,total_slope_distance_m,total_climb_m,total_lost_friction_wh,total_regen_wh,total_stop_energy_wh,planar_error_ratio,terrain_penalty_wh,analytic_penalty_wh,mean_asymmetry,max_asymmetry,friction_share,slope_distance_ratio
2026-09-29-urgup,A-distance,A,distance,none,0.5,average,1.0,,0.0,empty,1.0,,38200.9,20531.9,37598.5,81837.9,82001.6,1845.9,735.3,0.0,8589.9,-0.4625,17669.0,24007.2,0.0224,0.0494,0.0192,0.002
2026-09-29-urgup,A-planar-empty,A,energy,planar,0.5,empty,1.0,,0.0,empty,1.0,,38783.4,20509.2,38158.5,82254.5,82424.5,1885.6,721.4,0.0,8589.9,-0.4712,18274.2,24523.5,0.0208,0.0546,0.0186,0.00207
2026-09-29-urgup,A-dem-eta0.0-empty,A,energy,dem,0.0,empty,1.0,,0.0,empty,1.0,,37312.5,21050.7,38205.6,83897.2,84057.3,1775.0,450.4,0.0,8589.9,-0.4358,16261.8,23085.1,0.037,0.1145,0.0121,0.00191
2026-09-29-urgup,A-distance,A,distance,none,0.5,average,1.0,,0.0,average,1.0,,41965.3,21862.5,41314.4,81837.9,82001.6,1845.9,1255.0,0.0,9378.1,-0.479,20102.8,27008.1,0.0218,0.0459,0.0299,0.002
2026-09-29-urgup,A-planar-average,A,energy,planar,0.5,average,1.0,,0.0,average,1.0,,42447.9,21851.7,41640.6,81975.5,82142.9,1871.3,1237.8,0.0,9378.1,-0.4852,20596.2,27379.7,0.0235,0.0509,0.0292,0.00204
2026-09-29-urgup,A-dem-eta0.0-average,A,energy,dem,0.0,average,1.0,,0.0,average,1.0,,40944.9,22414.6,41953.1,83897.2,84057.3,1775.0,864.5,0.0,9378.1,-0.4526,18530.3,25970.7,0.0367,0.1162,0.0211,0.00191
2026-09-29-urgup,A-distance,A,distance,none,0.5,average,1.0,,0.0,full,1.0,,45731.9,23192.7,45034.7,81837.9,82001.6,1845.9,1874.9,0.0,10166.5,-0.4929,22539.2,30009.0,0.0214,0.0429,0.041,0.002
2026-09-29-urgup,A-planar-full,A,energy,planar,0.5,full,1.0,,0.0,full,1.0,,46016.7,23183.8,45169.5,81905.4,82071.1,1856.2,1865.8,0.0,10166.5,-0.4962,22832.9,30176.4,0.0265,0.0477,0.0405,0.00202
2026-09-29-urgup,A-dem-eta0.0-full,A,energy,dem,0.0,full,1.0,,0.0,full,1.0,,44579.3,23778.3,45705.1,83897.2,84057.3,1775.0,1372.0,0.0,10166.5,-0.4666,20801.0,28856.4,0.0365,0.1177,0.0308,0.00191
2026-09-29-urgup,A-distance,A,distance,none,0.5,average,1.0,,0.3,empty,1.0,,33860.0,20531.9,33214.0,81837.9,82001.6,1845.9,735.3,4340.8,6925.0,-0.3936,13328.1,17669.3,0.0243,0.0484,0.0217,0.002
2026-09-29-urgup,A-planar-empty,A,energy,planar,0.5,empty,1.0,,0.3,empty,1.0,,34244.4,20509.2,33645.1,82254.5,82424.5,1885.6,721.4,4538.8,6925.0,-0.4011,13735.2,18049.3,0.0201,0.0509,0.0211,0.00207
2026-09-29-urgup,A-dem-eta0.3-empty,A,energy,dem,0.3,empty,1.0,,0.3,empty,1.0,,33082.9,21066.2,34083.3,83980.6,84141.1,1774.5,450.2,4232.8,6925.0,-0.3632,12016.7,16985.8,0.0426,0.1392,0.0136,0.00191
2026-09-29-urgup,A-distance,A,distance,none,0.5,average,1.0,,0.3,average,1.0,,37150.2,21862.5,36415.2,81837.9,82001.6,1845.9,1255.0,4815.4,7505.1,-0.4115,15287.7,19878.0,0.0247,0.0504,0.0338,0.002
2026-09-29-urgup,A-planar-average,A,energy,planar,0.5,average,1.0,,0.3,average,1.0,,37474.5,21851.7,36669.5,81975.5,82142.9,1871.3,1237.8,4973.2,7505.1,-0.4169,15622.8,20151.5,0.0239,0.0504,0.033,0.00204
2026-09-29-urgup,A-dem-eta0.3-average,A,energy,dem,0.3,average,1.0,,0.3,average,1.0,,36230.3,22431.5,37383.8,83980.6,84141.1,1774.5,863.7,4717.9,7505.1,-0.3809,13798.8,19109.1,0.0436,0.1433,0.0238,0.00191
2026-09-29-urgup,A-distance,A,distance,none,0.5,average,1.0,,0.3,full,1.0,,40471.8,23192.7,39650.7,81837.9,82001.6,1845.9,1874.9,5260.1,8085.3,-0.4269,17279.1,22086.6,0.0248,0.0525,0.0463,0.002
2026-09-29-urgup,A-planar-full,A,energy,planar,0.5,full,1.0,,0.3,full,1.0,,40646.0,23183.8,39762.6,81905.4,82071.1,1856.2,1865.8,5370.7,8085.3,-0.4296,17462.2,22209.9,0.0273,0.0525,0.0459,0.00202
2026-09-29-urgup,A-dem-eta0.3-full,A,energy,dem,0.3,full,1.0,,0.3,full,1.0,,39407.5,23796.6,40725.5,83980.6,84141.1,1774.5,1370.5,5175.4,8085.3,-0.3961,15610.9,21232.3,0.0443,0.1474,0.0348,0.00191
2026-09-29-urgup,A-distance,A,distance,none,0.5,average,1.0,,0.5,empty,1.0,,30966.2,20531.9,30291.5,81837.9,82001.6,1845.9,735.3,7234.8,5815.1,-0.337,10434.3,13444.0,0.0259,0.052,0.0237,0.002
2026-09-29-urgup,A-planar-empty,A,energy,planar,0.5,empty,1.0,,0.5,empty,1.0,,31218.4,20509.2,30636.4,82254.5,82424.5,1885.6,721.4,7565.0,5815.1,-0.343,10709.2,13733.2,0.0204,0.048,0.0231,0.00207
2026-09-29-urgup,A-dem-eta0.5-empty,A,energy,dem,0.5,empty,1.0,,0.5,empty,1.0,,30234.9,21012.6,31409.8,83800.4,83962.0,1783.9,449.9,7167.6,5815.1,-0.305,9222.3,12992.5,0.0549,0.2349,0.0149,0.00193
2026-09-29-urgup,A-distance,A,distance,none,0.5,average,1.0,,0.5,average,1.0,,33940.0,21862.5,33149.0,81837.9,82001.6,1845.9,1255.0,8025.5,6256.5,-0.3558,12077.5,15124.5,0.027,0.0567,0.037,0.002
2026-09-29-urgup,A-planar-average,A,energy,planar,0.5,average,1.0,,0.5,average,1.0,,34158.9,21851.7,33355.4,81975.5,82142.9,1871.3,1237.8,8289.0,6256.5,-0.3603,12307.2,15332.6,0.0249,0.0567,0.0362,0.00204
2026-09-29-urgup,A-dem-eta0.5-average,A,energy,dem,0.5,average,1.0,,0.5,average,1.0,,33063.4,22375.0,34427.3,83800.4,83962.0,1783.9,872.7,7984.5,6256.5,-0.3233,10688.4,14616.5,0.0569,0.2411,0.0264,0.00193
2026-09-29-urgup,A-distance,A,distance,none,0.5,average,1.0,,0.5,full,1.0,,36964.9,23192.7,36061.6,81837.9,82001.6,1845.9,1874.9,8767.0,6697.9,-0.3726,13772.2,16805.0,0.0275,0.0603,0.0507,0.002
2026-09-29-urgup,A-planar-full,A,energy,planar,0.5,full,1.0,,0.5,full,1.0,,37065.5,23183.8,36157.7,81905.4,82071.1,1856.2,1865.8,8951.3,6697.9,-0.3745,13881.7,16898.8,0.028,0.0603,0.0503,0.00202
2026-09-29-urgup,A-dem-eta0.5-full,A,energy,dem,0.5,full,1.0,,0.5,full,1.0,,35937.6,23737.1,37508.7,83800.4,83962.0,1783.9,1384.8,8757.2,6697.9,-0.3395,12200.5,16240.6,0.0583,0.2466,0.0385,0.00193
2026-09-29-urgup,A-distance,A,distance,none,0.5,average,1.0,,0.7,empty,1.0,,28072.2,20531.9,27368.5,81837.9,82001.6,1845.9,735.3,10128.5,4705.1,-0.2686,7540.3,9218.8,0.0276,0.057,0.0262,0.002
2026-09-29-urgup,A-planar-empty,A,energy,planar,0.5,empty,1.0,,0.7,empty,1.0,,28192.6,20509.2,27627.7,82254.5,82424.5,1885.6,721.4,10591.0,4705.1,-0.2725,7683.4,9417.0,0.0215,0.0447,0.0256,0.00207
2026-09-29-urgup,A-dem-eta0.7-empty,A,energy,dem,0.7,empty,1.0,,0.7,empty,1.0,,26784.1,20357.3,27651.7,81140.0,81297.5,1768.4,359.6,10006.7,4705.1,-0.2399,6426.8,8831.7,0.0297,0.0777,0.0134,0.00194
2026-09-29-urgup,A-distance,A,distance,none,0.5,average,1.0,,0.7,average,1.0,,30729.6,21862.5,29882.8,81837.9,82001.6,1845.9,1255.0,11235.8,5007.7,-0.2886,8867.1,10371.1,0.0296,0.0642,0.0408,0.002
2026-09-29-urgup,A-planar-average,A,energy,planar,0.5,average,1.0,,0.7,average,1.0,,30843.3,21851.7,30041.6,81975.5,82142.9,1871.3,1237.8,11604.3,5007.7,-0.2915,8991.6,10513.8,0.027,0.0642,0.0401,0.00204
2026-09-29-urgup,A-dem-eta0.7-average,A,energy,dem,0.7,average,1.0,,0.7,average,1.0,,29228.0,21724.1,30347.7,81331.4,81488.8,1766.1,741.4,11145.6,5007.8,-0.2567,7503.9,9922.8,0.0329,0.0864,0.0254,0.00194
2026-09-29-urgup,A-distance,A,distance,none,0.5,average,1.0,,0.7,full,1.0,,33458.2,23192.7,32472.3,81837.9,82001.6,1845.9,1874.9,12273.8,5310.5,-0.3068,10265.5,11523.5,0.0307,0.0697,0.056,0.002
2026-09-29-urgup,A-planar-full,A,energy,planar,0.5,full,1.0,,0.7,full,1.0,,33485.0,23183.8,32553.0,81905.4,82071.1,1856.2,1865.8,12531.9,5310.5,-0.3076,10301.2,11587.8,0.0291,0.0697,0.0557,0.00202
2026-09-29-urgup,A-dem-eta0.7-full,A,energy,dem,0.7,full,1.0,,0.7,full,1.0,,31718.7,23074.0,33045.6,81435.1,81591.9,1763.4,1208.3,12217.3,5310.5,-0.2725,8644.7,11008.4,0.0322,0.0921,0.0381,0.00193
2026-09-29-urgup,A-distance,A,distance,none,0.5,average,1.0,,0.5,average,0.0,,21862.5,21862.5,21862.5,81837.9,81837.9,0.0,0.0,0.0,6256.5,0.0,0.0,0.0,0.0,0.0,0.0,0.0
2026-09-29-urgup,C-dem-scale0.0,C,energy,dem,0.5,average,0.0,,0.5,average,0.0,,21851.7,21851.7,21851.7,81975.5,81975.5,0.0,0.0,0.0,6256.5,0.0,0.0,0.0,0.0,0.0,0.0,0.0
2026-09-29-urgup,A-planar-average,A,energy,planar,0.5,average,1.0,,0.5,average,0.0,,21851.7,21851.7,21851.7,81975.5,81975.5,0.0,0.0,0.0,6256.5,0.0,0.0,0.0,0.0,0.0,0.0,0.0
2026-09-29-urgup,A-distance,A,distance,none,0.5,average,1.0,,0.5,average,0.5,,26312.5,21862.5,26065.1,81837.9,81884.8,943.4,107.7,3290.9,6256.5,-0.1691,4450.0,7729.8,0.0147,0.0243,0.0041,0.00057
2026-09-29-urgup,C-dem-scale0.5,C,energy,dem,0.5,average,0.5,,0.5,average,0.5,,26125.9,21908.2,26271.4,82003.7,82050.4,939.2,74.2,3200.5,6256.5,-0.1614,4217.7,7695.4,0.0145,0.0185,0.0028,0.00057
2026-09-29-urgup,A-planar-average,A,energy,planar,0.5,average,1.0,,0.5,average,0.5,,26429.0,21851.7,26148.5,81975.5,82023.4,955.9,100.8,3411.8,6256.5,-0.1732,4577.3,7832.2,0.0129,0.0249,0.0038,0.00058
2026-09-29-urgup,A-distance,A,distance,none,0.5,average,1.0,,0.5,average,1.0,,33940.0,21862.5,33149.0,81837.9,82001.6,1845.9,1255.0,8025.5,6256.5,-0.3558,12077.5,15124.5,0.027,0.0567,0.037,0.002
2026-09-29-urgup,A-dem-eta0.5-average,A,energy,dem,0.5,average,1.0,,0.5,average,1.0,,33063.4,22375.0,34427.3,83800.4,83962.0,1783.9,872.7,7984.5,6256.5,-0.3233,10688.4,14616.5,0.0569,0.2411,0.0264,0.00193
2026-09-29-urgup,A-planar-average,A,energy,planar,0.5,average,1.0,,0.5,average,1.0,,34158.9,21851.7,33355.4,81975.5,82142.9,1871.3,1237.8,8289.0,6256.5,-0.3603,12307.2,15332.6,0.0249,0.0567,0.0362,0.00204
2026-09-29-urgup,A-distance,A,distance,none,0.5,average,1.0,,0.5,average,1.5,,41679.0,21862.5,39845.0,81837.9,82138.7,2649.8,3103.1,11782.1,6256.5,-0.4755,19816.5,21711.3,0.0405,0.1025,0.0745,0.00368
2026-09-29-urgup,C-dem-scale1.5,C,energy,dem,0.5,average,1.5,,0.5,average,1.5,,38440.8,22161.4,41560.2,83019.2,83308.4,2452.8,2322.5,11828.3,6256.5,-0.4235,16279.4,20097.2,0.0625,0.1318,0.0604,0.00348
2026-09-29-urgup,A-planar-average,A,energy,planar,0.5,average,1.0,,0.5,average,1.5,,41975.7,21851.7,40147.2,81975.5,82284.1,2686.5,3088.0,12155.8,6256.5,-0.4794,20124.0,22012.1,0.0358,0.1025,0.0736,0.00376
2026-09-29-urgup,A-distance,A,distance,none,0.5,average,1.0,,0.5,average,2.0,,48597.4,21862.5,45539.9,81837.9,82271.2,3327.7,5173.5,14642.9,6256.5,-0.5501,26734.9,27265.8,0.053,0.1153,0.1065,0.00529
2026-09-29-urgup,C-dem-scale2.0,C,energy,dem,0.5,average,2.0,,0.5,average,2.0,,43261.5,22472.9,49102.4,84245.8,84655.7,3010.4,3963.6,15144.2,6256.5,-0.4805,20788.6,24666.0,0.1001,0.1946,0.0916,0.00487
2026-09-29-urgup,A-planar-average,A,energy,planar,0.5,average,1.0,,0.5,average,2.0,,48940.0,21851.7,45945.7,81975.5,82420.5,3371.4,5193.1,15088.1,6256.5,-0.5535,27088.3,27623.8,0.0425,0.1153,0.1061,0.00543
2026-09-29-urgup,A-distance,A,distance,none,0.5,average,1.0,,0.5,average,1.0,1000,41596.3,21862.5,40733.6,81837.9,82153.3,2668.3,3212.5,12134.7,6256.5,-0.4744,19733.8,21862.9,0.0362,0.0827,0.0772,0.00385
2026-09-29-urgup,D-noise-000,D,energy,dem,0.5,average,1.0,1000,0.5,average,1.0,1000,39435.4,22675.2,42639.1,85162.8,85465.0,2516.3,2622.4,12264.0,6256.5,-0.425,16760.2,20617.5,0.0764,0.126,0.0665,0.00355
2026-09-29-urgup,D-noise-000,D,energy,dem,0.5,average,1.0,1000,0.5,average,1.0,,34017.4,22675.2,35027.8,85162.8,85333.7,1857.0,875.2,8417.8,6256.5,-0.3334,11342.2,15215.5,0.0292,0.0575,0.0257,0.00201
2026-09-29-urgup,A-distance,A,distance,none,0.5,average,1.0,,0.5,average,1.0,1001,40175.6,21862.5,40217.7,81837.9,82133.8,2577.3,2583.3,12123.4,6256.5,-0.4558,18313.1,21117.3,0.031,0.0696,0.0643,0.00362
2026-09-29-urgup,D-noise-001,D,energy,dem,0.5,average,1.0,1001,0.5,average,1.0,1001,38614.2,22612.3,42437.1,85210.5,85497.4,2455.2,2282.4,12278.7,6256.5,-0.4144,16001.9,20116.9,0.0987,0.1558,0.0591,0.00337
2026-09-29-urgup,D-noise-001,D,energy,dem,0.5,average,1.0,1001,0.5,average,1.0,,34474.7,22612.3,35282.9,85210.5,85388.6,1914.2,878.6,8738.8,6256.5,-0.3441,11862.4,15684.1,0.0382,0.1055,0.0255,0.00209
2026-09-29-urgup,A-distance,A,distance,none,0.5,average,1.0,,0.5,average,1.0,1002,39785.0,21862.5,39047.5,81837.9,82122.7,2524.4,2580.3,11734.7,6256.5,-0.4505,17922.5,20683.9,0.0158,0.0466,0.0649,0.00348
2026-09-29-urgup,D-noise-002,D,energy,dem,0.5,average,1.0,1002,0.5,average,1.0,1002,38239.8,22313.8,40269.7,83598.6,83872.2,2408.4,2207.9,11748.8,6256.5,-0.4165,15926.0,19733.4,0.0493,0.1016,0.0577,0.00327
2026-09-29-urgup,D-noise-002,D,energy,dem,0.5,average,1.0,1002,0.5,average,1.0,,33822.1,22313.8,34457.7,83598.6,83766.0,1861.5,766.3,8388.2,6256.5,-0.3403,11508.3,15252.3,0.0285,0.0743,0.0227,0.002
2026-09-29-urgup,A-distance,A,distance,none,0.5,average,1.0,,0.5,average,1.0,1003,40362.1,21862.5,39392.3,81837.9,82129.8,2538.7,2863.1,11598.7,6256.5,-0.4583,18499.6,20801.0,0.0405,0.0617,0.0709,0.00357
2026-09-29-urgup,D-noise-003,D,energy,dem,0.5,average,1.0,1003,0.5,average,1.0,1003,38728.8,22521.7,41305.4,84523.4,84808.1,2435.7,2570.7,11821.7,6256.5,-0.4185,16207.1,19957.1,0.0837,0.217,0.0664,0.00337
2026-09-29-urgup,D-noise-003,D,energy,dem,0.5,average,1.0,1003,0.5,average,1.0,,33871.0,22521.7,35078.2,84523.4,84693.4,1866.5,840.1,8476.4,6256.5,-0.3351,11349.3,15293.3,0.0481,0.1594,0.0248,0.00201
2026-09-29-urgup,A-distance,A,distance,none,0.5,average,1.0,,0.5,average,1.0,1004,41468.7,21862.5,40386.0,81837.9,82141.6,2675.8,2887.5,12335.4,6256.5,-0.4728,19606.2,21924.4,0.0256,0.0784,0.0696,0.00371
2026-09-29-urgup,D-noise-004,D,energy,dem,0.5,average,1.0,1004,0.5,average,1.0,1004,38522.6,22209.4,41608.5,83230.0,83509.7,2463.4,2083.0,12149.0,6256.5,-0.4235,16313.2,20184.1,0.0706,0.1261,0.0541,0.00336
2026-09-29-urgup,D-noise-004,D,energy,dem,0.5,average,1.0,1004,0.5,average,1.0,,33319.5,22209.4,34251.5,83230.0,83392.8,1826.6,731.5,8276.9,6256.5,-0.3334,11110.1,14966.4,0.0276,0.0592,0.022,0.00196
2026-09-29-urgup,A-distance,A,distance,none,0.5,average,1.0,,0.5,average,1.0,1005,40959.8,21862.5,39873.0,81837.9,82132.5,2594.1,2748.5,11870.0,6256.5,-0.4662,19097.3,21255.0,0.035,0.0603,0.0671,0.0036
2026-09-29-urgup,D-noise-005,D,energy,dem,0.5,average,1.0,1005,0.5,average,1.0,1005,38802.9,22627.6,42012.6,84816.5,85100.9,2470.4,2092.5,12257.5,6256.5,-0.4169,16175.3,20241.4,0.0804,0.1275,0.0539,0.00335
2026-09-29-urgup,D-noise-005,D,energy,dem,0.5,average,1.0,1005,0.5,average,1.0,,34605.0,22627.6,34919.9,84816.5,84989.8,1910.0,879.5,8548.0,6256.5,-0.3461,11977.4,15649.7,0.0226,0.0431,0.0254,0.00204
2026-09-29-urgup,A-distance,A,distance,none,0.5,average,1.0,,0.5,average,1.0,1006,42140.7,21862.5,40962.4,81837.9,82155.0,2726.7,2830.4,12476.0,6256.5,-0.4812,20278.2,22341.4,0.046,0.1008,0.0672,0.00387
2026-09-29-urgup,D-noise-006,D,energy,dem,0.5,average,1.0,1006,0.5,average,1.0,1006,39991.8,22878.6,42217.6,85582.4,85875.5,2528.9,2451.7,12271.7,6256.5,-0.4279,17113.2,20720.7,0.074,0.1669,0.0613,0.00342
2026-09-29-urgup,D-noise-006,D,energy,dem,0.5,average,1.0,1006,0.5,average,1.0,,34405.1,22878.6,35113.7,85582.4,85751.8,1878.8,874.2,8434.4,6256.5,-0.335,11526.5,15394.1,0.0458,0.1598,0.0254,0.00198
2026-09-29-urgup,A-distance,A,distance,none,0.5,average,1.0,,0.5,average,1.0,1007,40296.7,21862.5,39391.4,81837.9,82121.6,2547.0,2687.0,11741.6,6256.5,-0.4575,18434.2,20869.0,0.0209,0.042,0.0667,0.00347
2026-09-29-urgup,D-noise-007,D,energy,dem,0.5,average,1.0,1007,0.5,average,1.0,1007,38560.2,22715.6,40896.5,85028.7,85300.5,2408.8,2078.6,11761.1,6256.5,-0.4109,15844.6,19736.7,0.0732,0.1575,0.0539,0.0032
2026-09-29-urgup,D-noise-007,D,energy,dem,0.5,average,1.0,1007,0.5,average,1.0,,34302.8,22715.6,34913.8,85028.7,85197.1,1885.6,860.9,8427.1,6256.5,-0.3378,11587.2,15449.8,0.0317,0.0547,0.0251,0.00198
2026-09-29-urgup,A-distance,A,distance,none,0.5,average,1.0,,0.5,average,1.0,1008,40969.6,21862.5,40194.4,81837.9,82134.8,2594.9,2853.5,11720.7,6256.5,-0.4664,19107.1,21261.5,0.03,0.0939,0.0696,0.00363
2026-09-29-urgup,D-noise-008,D,energy,dem,0.5,average,1.0,1008,0.5,average,1.0,1008,39543.1,22729.5,41588.4,85205.0,85488.7,2467.1,2404.6,11774.7,6256.5,-0.4252,16813.6,20214.4,0.0685,0.185,0.0608,0.00333
2026-09-29-urgup,D-noise-008,D,energy,dem,0.5,average,1.0,1008,0.5,average,1.0,,34529.0,22729.5,35229.7,85205.0,85376.4,1902.3,893.9,8494.2,6256.5,-0.3417,11799.5,15586.6,0.0333,0.0527,0.0259,0.00201
2026-09-29-urgup,A-distance,A,distance,none,0.5,average,1.0,,0.5,average,1.0,1009,41065.3,21862.5,39781.0,81837.9,82139.8,2627.2,2884.0,12102.1,6256.5,-0.4676,19202.8,21526.2,0.0613,0.2323,0.0702,0.00369
2026-09-29-urgup,D-noise-009,D,energy,dem,0.5,average,1.0,1009,0.5,average,1.0,1009,39364.0,22405.4,41270.4,84252.8,84545.1,2523.1,2347.0,12322.9,6256.5,-0.4308,16958.6,20673.2,0.0571,0.108,0.0596,0.00347
2026-09-29-urgup,D-noise-009,D,energy,dem,0.5,average,1.0,1009,0.5,average,1.0,,34508.7,22405.4,34946.0,84252.8,84428.7,1922.1,885.6,8716.5,6256.5,-0.3507,12103.3,15748.9,0.0218,0.0551,0.0257,0.00209
2026-09-29-urgup,A-distance,A,distance,none,0.5,average,1.0,,0.5,average,1.0,1010,40478.5,21862.5,39632.1,81837.9,82131.0,2578.9,2831.2,11836.4,6256.5,-0.4599,18616.0,21130.4,0.0332,0.0805,0.0699,0.00358
2026-09-29-urgup,D-noise-010,D,energy,dem,0.5,average,1.0,1010,0.5,average,1.0,1010,38996.9,22253.0,41034.7,83678.2,83966.2,2475.2,2464.5,12003.7,6256.5,-0.4294,16743.9,20280.7,0.0657,0.1752,0.0632,0.00344
2026-09-29-urgup,D-noise-010,D,energy,dem,0.5,average,1.0,1010,0.5,average,1.0,,34073.7,22253.0,34967.0,83678.2,83852.0,1899.2,787.5,8731.1,6256.5,-0.3469,11820.7,15561.2,0.0329,0.0786,0.0231,0.00208
2026-09-29-urgup,A-distance,A,distance,none,0.5,average,1.0,,0.5,average,1.0,1011,39823.9,21862.5,39261.1,81837.9,82117.9,2513.0,2421.7,11607.5,6256.5,-0.451,17961.4,20590.5,0.0363,0.0748,0.0608,0.00342
2026-09-29-urgup,D-noise-011,D,energy,dem,0.5,average,1.0,1011,0.5,average,1.0,1011,38648.1,22298.8,40667.4,83698.9,83972.4,2431.3,2030.4,11792.9,6256.5,-0.423,16349.3,19921.0,0.0669,0.1944,0.0525,0.00327
2026-09-29-urgup,D-noise-011,D,energy,dem,0.5,average,1.0,1011,0.5,average,1.0,,34165.2,22298.8,34640.4,83698.9,83870.0,1888.0,881.8,8515.9,6256.5,-0.3473,11866.4,15469.5,0.0333,0.0706,0.0258,0.00204
2026-09-29-urgup,A-distance,A,distance,none,0.5,average,1.0,,0.5,average,1.0,1012,40993.3,21862.5,40451.1,81837.9,82139.1,2648.5,2837.9,12210.9,6256.5,-0.4667,19130.8,21700.7,0.0263,0.0579,0.0692,0.00368
2026-09-29-urgup,D-noise-012,D,energy,dem,0.5,average,1.0,1012,0.5,average,1.0,1012,39487.8,22785.6,42001.9,85494.6,85779.8,2504.2,2444.9,12130.3,6256.5,-0.423,16702.2,20518.4,0.0555,0.0958,0.0619,0.00334
2026-09-29-urgup,D-noise-012,D,energy,dem,0.5,average,1.0,1012,0.5,average,1.0,,34587.0,22785.6,35161.6,85494.6,85666.6,1898.4,881.3,8414.2,6256.5,-0.3412,11801.4,15554.7,0.0251,0.0542,0.0255,0.00201
2026-09-29-urgup,A-distance,A,distance,none,0.5,average,1.0,,0.5,average,1.0,1013,39981.6,21862.5,40001.9,81837.9,82117.7,2510.3,2661.3,11495.0,6256.5,-0.4532,18119.1,20568.3,0.0334,0.1256,0.0666,0.00342
2026-09-29-urgup,D-noise-013,D,energy,dem,0.5,average,1.0,1013,0.5,average,1.0,1013,37970.1,22205.1,40490.9,83111.3,83381.0,2361.3,2221.4,11409.8,6256.5,-0.4152,15765.0,19347.5,0.0702,0.1256,0.0585,0.00325
2026-09-29-urgup,D-noise-013,D,energy,dem,0.5,average,1.0,1013,0.5,average,1.0,,33473.6,22205.1,34038.7,83111.3,83274.6,1832.8,798.4,8109.6,6256.5,-0.3366,11268.5,15017.2,0.0253,0.0582,0.0239,0.00196
2026-09-29-urgup,A-distance,A,distance,none,0.5,average,1.0,,0.5,average,1.0,1014,40739.4,21862.5,40926.2,81837.9,82138.6,2610.2,2777.1,12214.8,6256.5,-0.4634,18876.9,21386.9,0.0307,0.082,0.0682,0.00367
2026-09-29-urgup,D-noise-014,D,energy,dem,0.5,average,1.0,1014,0.5,average,1.0,1014,39545.4,22523.1,41344.3,84386.8,84674.4,2494.8,2353.5,11988.4,6256.5,-0.4304,17022.3,20441.3,0.0495,0.0988,0.0595,0.00341
2026-09-29-urgup,D-noise-014,D,energy,dem,0.5,average,1.0,1014,0.5,average,1.0,,34220.8,22523.1,34921.4,84386.8,84557.0,1893.7,871.1,8462.6,6256.5,-0.3418,11697.7,15516.2,0.0351,0.0891,0.0255,0.00202
2026-09-29-urgup,A-distance,A,distance,none,0.5,average,1.0,,0.5,average,1.0,1015,40455.9,21862.5,39457.7,81837.9,82124.5,2570.7,2431.1,11829.4,6256.5,-0.4596,18593.4,21063.2,0.0419,0.1061,0.0601,0.0035
2026-09-29-urgup,D-noise-015,D,energy,dem,0.5,average,1.0,1015,0.5,average,1.0,1015,38446.8,22548.7,40800.7,84378.0,84644.8,2407.5,2039.2,11721.3,6256.5,-0.4135,15898.1,19726.0,0.0799,0.2056,0.053,0.00316
2026-09-29-urgup,D-noise-015,D,energy,dem,0.5,average,1.0,1015,0.5,average,1.0,,34118.5,22548.7,34730.4,84378.0,84546.0,1856.2,1120.6,8432.1,6256.5,-0.3391,11569.8,15208.9,0.0481,0.2111,0.0328,0.00199
2026-09-29-urgup,A-distance,A,distance,none,0.5,average,1.0,,0.5,average,1.0,1016,42001.2,21862.5,41088.4,81837.9,82158.1,2722.4,3081.0,12578.3,6256.5,-0.4795,20138.7,22306.2,0.0383,0.0903,0.0734,0.00391
2026-09-29-urgup,D-noise-016,D,energy,dem,0.5,average,1.0,1016,0.5,average,1.0,1016,40172.3,22726.0,42599.9,85370.8,85676.9,2591.6,2522.0,12706.1,6256.5,-0.4343,17446.3,21234.5,0.0816,0.1379,0.0628,0.00359
2026-09-29-urgup,D-noise-016,D,energy,dem,0.5,average,1.0,1016,0.5,average,1.0,,34568.6,22726.0,35469.1,85370.8,85548.4,1920.4,898.3,8766.7,6256.5,-0.3426,11842.6,15735.0,0.0335,0.0536,0.026,0.00208
2026-09-29-urgup,A-distance,A,distance,none,0.5,average,1.0,,0.5,average,1.0,1017,41259.5,21862.5,39698.6,81837.9,82135.5,2620.3,2878.7,11765.3,6256.5,-0.4701,19397.0,21469.6,0.0482,0.0865,0.0698,0.00364
2026-09-29-urgup,D-noise-017,D,energy,dem,0.5,average,1.0,1017,0.5,average,1.0,1017,39637.5,22480.5,41285.6,84348.3,84633.7,2515.4,2232.4,12124.6,6256.5,-0.4328,17157.0,20610.1,0.0582,0.1806,0.0563,0.00338
2026-09-29-urgup,D-noise-017,D,energy,dem,0.5,average,1.0,1017,0.5,average,1.0,,33812.4,22480.5,35109.0,84348.3,84517.4,1863.9,807.2,8575.8,6256.5,-0.3351,11331.9,15272.0,0.0599,0.2582,0.0239,0.002
2026-09-29-urgup,A-distance,A,distance,none,0.5,average,1.0,,0.5,average,1.0,1018,40898.0,21862.5,40257.2,81837.9,82136.5,2612.3,2746.8,12058.3,6256.5,-0.4654,19035.5,21404.1,0.0384,0.0741,0.0672,0.00365
2026-09-29-urgup,D-noise-018,D,energy,dem,0.5,average,1.0,1018,0.5,average,1.0,1018,39172.6,22664.4,41874.4,84893.7,85181.6,2482.9,2327.2,12178.8,6256.5,-0.4214,16508.2,20343.8,0.0634,0.1009,0.0594,0.00339
2026-09-29-urgup,D-noise-018,D,energy,dem,0.5,average,1.0,1018,0.5,average,1.0,,34375.3,22664.4,34955.4,84893.7,85064.9,1889.0,838.6,8530.2,6256.5,-0.3407,11710.9,15477.7,0.0314,0.0601,0.0244,0.00202
2026-09-29-urgup,A-distance,A,distance,none,0.5,average,1.0,,0.5,average,1.0,1019,41212.9,21862.5,40683.0,81837.9,82141.3,2647.3,2935.8,12236.0,6256.5,-0.4695,19350.4,21690.9,0.0321,0.0667,0.0712,0.00371
2026-09-29-urgup,D-noise-019,D,energy,dem,0.5,average,1.0,1019,0.5,average,1.0,1019,38578.7,22179.3,42063.3,83118.9,83410.4,2484.8,2147.7,12245.0,6256.5,-0.4251,16399.4,20359.4,0.0776,0.1437,0.0557,0.00351
2026-09-29-urgup,D-noise-019,D,energy,dem,0.5,average,1.0,1019,0.5,average,1.0,,33301.5,22179.3,34066.6,83118.9,83281.5,1823.2,734.4,8173.0,6256.5,-0.334,11122.2,14938.5,0.0298,0.0649,0.0221,0.00196
2026-09-29-urgup,A-distance,A,distance,none,0.5,average,1.0,,0.5,average,1.0,1020,40474.3,21862.5,39615.7,81837.9,82130.8,2568.5,2670.5,11796.1,6256.5,-0.4598,18611.8,21045.2,0.0405,0.0692,0.066,0.00358
2026-09-29-urgup,D-noise-020,D,energy,dem,0.5,average,1.0,1020,0.5,average,1.0,1020,38717.5,22654.2,41983.1,84881.0,85167.5,2460.6,1957.3,12201.0,6256.5,-0.4149,16063.3,20161.1,0.0703,0.1471,0.0506,0.00338
2026-09-29-urgup,D-noise-020,D,energy,dem,0.5,average,1.0,1020,0.5,average,1.0,,34245.7,22654.2,35006.9,84881.0,85051.2,1879.4,756.2,8451.8,6256.5,-0.3385,11591.5,15399.0,0.0377,0.1416,0.0221,0.00201
2026-09-29-urgup,A-distance,A,distance,none,0.5,average,1.0,,0.5,average,1.0,1021,41008.5,21862.5,40668.3,81837.9,82151.8,2652.0,2898.0,12413.9,6256.5,-0.4669,19146.0,21729.4,0.0223,0.0644,0.0707,0.00384
2026-09-29-urgup,D-noise-021,D,energy,dem,0.5,average,1.0,1021,0.5,average,1.0,1021,39145.4,22577.9,42168.2,84791.0,85087.0,2520.4,2252.9,12469.8,6256.5,-0.4232,16567.5,20651.1,0.0642,0.1276,0.0576,0.00349
2026-09-29-urgup,D-noise-021,D,energy,dem,0.5,average,1.0,1021,0.5,average,1.0,,33963.7,22577.9,35105.1,84791.0,84961.1,1877.1,840.9,8526.7,6256.5,-0.3352,11385.8,15380.2,0.0482,0.1848,0.0248,0.00201
2026-09-29-urgup,A-distance,A,distance,none,0.5,average,1.0,,0.5,average,1.0,1022,40659.0,21862.5,39755.5,81837.9,82133.2,2566.7,3009.0,11588.5,6256.5,-0.4623,18796.5,21030.5,0.0408,0.0905,0.074,0.00361
2026-09-29-urgup,D-noise-022,D,energy,dem,0.5,average,1.0,1022,0.5,average,1.0,1022,38413.3,22461.4,41894.9,84328.9,84618.2,2458.5,2222.8,12122.4,6256.5,-0.4153,15951.9,20143.9,0.077,0.1612,0.0579,0.00343
2026-09-29-urgup,D-noise-022,D,energy,dem,0.5,average,1.0,1022,0.5,average,1.0,,34339.2,22461.4,34964.5,84328.9,84501.1,1907.1,898.6,8581.1,6256.5,-0.3459,11877.8,15626.0,0.0281,0.0561,0.0262,0.00204
2026-09-29-urgup,A-distance,A,distance,none,0.5,average,1.0,,0.5,average,1.0,1023,39840.3,21862.5,39382.0,81837.9,82123.3,2525.5,2663.2,11749.3,6256.5,-0.4512,17977.8,20692.9,0.0336,0.0647,0.0668,0.00349
2026-09-29-urgup,D-noise-023,D,energy,dem,0.5,average,1.0,1023,0.5,average,1.0,1023,38694.4,22265.3,40478.1,83477.7,83761.1,2459.4,2235.6,12101.6,6256.5,-0.4246,16429.1,20151.3,0.0577,0.1385,0.0578,0.00339
2026-09-29-urgup,D-noise-023,D,energy,dem,0.5,average,1.0,1023,0.5,average,1.0,,33822.6,22265.3,34181.3,83477.7,83644.9,1854.6,879.3,8317.2,6256.5,-0.3417,11557.3,15195.8,0.0316,0.0631,0.026,0.002
2026-09-29-urgup,A-distance,A,distance,none,0.5,average,1.0,,0.5,average,1.0,1024,41593.0,21862.5,40576.9,81837.9,82147.5,2674.6,2885.2,12264.1,6256.5,-0.4744,19730.5,21914.5,0.0344,0.0602,0.0694,0.00378
2026-09-29-urgup,D-noise-024,D,energy,dem,0.5,average,1.0,1024,0.5,average,1.0,1024,39266.1,22538.7,41368.1,84256.7,84544.7,2487.2,2446.0,12116.1,6256.5,-0.426,16727.4,20379.1,0.0463,0.093,0.0623,0.00342
2026-09-29-urgup,D-noise-024,D,energy,dem,0.5,average,1.0,1024,0.5,average,1.0,,34139.6,22538.7,34537.4,84256.7,84424.6,1871.8,891.8,8294.6,6256.5,-0.3398,11600.9,15336.7,0.0291,0.06,0.0261,0.00199
2026-09-29-urgup,A-distance,A,distance,none,0.5,average,1.0,,0.5,average,1.0,1025,42252.1,21862.5,40411.8,81837.9,82163.0,2742.5,3107.0,12715.0,6256.5,-0.4826,20389.6,22470.9,0.068,0.2022,0.0735,0.00397
2026-09-29-urgup,D-noise-025,D,energy,dem,0.5,average,1.0,1025,0.5,average,1.0,1025,39512.3,22881.2,42570.4,85633.2,85937.1,2533.7,2559.2,12788.0,6256.5,-0.4209,16631.1,20760.1,0.091,0.124,0.0648,0.00355
2026-09-29-urgup,D-noise-025,D,energy,dem,0.5,average,1.0,1025,0.5,average,1.0,,34585.4,22881.2,35254.6,85633.2,85805.5,1901.4,876.8,8593.9,6256.5,-0.3384,11704.2,15579.3,0.023,0.0522,0.0254,0.00201
2026-09-29-urgup,A-distance,A,distance,none,0.5,average,1.0,,0.5,average,1.0,1026,41358.1,21862.5,40809.4,81837.9,82147.9,2676.7,2884.2,12369.2,6256.5,-0.4714,19495.6,21931.8,0.0293,0.0713,0.0697,0.00379
2026-09-29-urgup,D-noise-026,D,energy,dem,0.5,average,1.0,1026,0.5,average,1.0,1026,39636.2,22477.1,41951.4,84293.9,84588.5,2532.4,2433.0,12459.5,6256.5,-0.4329,17159.1,20749.4,0.0565,0.1279,0.0614,0.00349
2026-09-29-urgup,D-noise-026,D,energy,dem,0.5,average,1.0,1026,0.5,average,1.0,,33873.8,22477.1,34862.2,84293.9,84463.1,1859.9,869.4,8497.9,6256.5,-0.3364,11396.7,15239.2,0.0444,0.1278,0.0257,0.00201
2026-09-29-urgup,A-distance,A,distance,none,0.5,average,1.0,,0.5,average,1.0,1027,40203.8,21862.5,39315.4,81837.9,82120.7,2517.1,2727.7,11384.2,6256.5,-0.4562,18341.3,20624.1,0.0458,0.1401,0.0678,0.00346
2026-09-29-urgup,D-noise-027,D,energy,dem,0.5,average,1.0,1027,0.5,average,1.0,1027,38720.5,22565.4,41973.5,84698.8,84983.4,2444.0,2293.2,11991.6,6256.5,-0.4172,16155.1,20025.1,0.1003,0.1998,0.0592,0.00336
2026-09-29-urgup,D-noise-027,D,energy,dem,0.5,average,1.0,1027,0.5,average,1.0,,34181.6,22565.4,35194.9,84698.8,84872.9,1890.7,886.5,8590.4,6256.5,-0.3398,11616.2,15491.6,0.0377,0.1369,0.0259,0.00206
2026-09-29-urgup,A-distance,A,distance,none,0.5,average,1.0,,0.5,average,1.0,1028,41575.0,21862.5,41155.0,81837.9,82149.7,2668.7,3186.3,12082.8,6256.5,-0.4741,19712.5,21866.2,0.0322,0.1012,0.0766,0.00381
2026-09-29-urgup,D-noise-028,D,energy,dem,0.5,average,1.0,1028,0.5,average,1.0,1028,39977.9,22872.2,43116.9,85855.3,86154.8,2551.3,2616.6,12321.5,6256.5,-0.4279,17105.7,20904.3,0.0844,0.2435,0.0655,0.00349
2026-09-29-urgup,D-noise-028,D,energy,dem,0.5,average,1.0,1028,0.5,average,1.0,,34379.3,22872.2,35220.8,85855.3,86026.8,1878.6,888.4,8436.7,6256.5,-0.3347,11507.1,15392.5,0.0468,0.1661,0.0258,0.002
2026-09-29-urgup,A-distance,A,distance,none,0.5,average,1.0,,0.5,average,1.0,1029,42276.9,21862.5,41489.2,81837.9,82162.5,2744.1,3229.0,12543.0,6256.5,-0.4829,20414.4,22484.0,0.0306,0.0624,0.0764,0.00397
2026-09-29-urgup,D-noise-029,D,energy,dem,0.5,average,1.0,1029,0.5,average,1.0,1029,40090.5,22807.0,43235.1,85760.9,86071.0,2608.9,2262.4,12904.7,6256.5,-0.4311,17283.5,21376.2,0.0899,0.2369,0.0564,0.00362
2026-09-29-urgup,D-noise-029,D,energy,dem,0.5,average,1.0,1029,0.5,average,1.0,,34525.5,22807.0,35366.5,85760.9,85935.3,1897.3,835.7,8694.6,6256.5,-0.3394,11718.5,15545.7,0.0515,0.2241,0.0242,0.00203
2026-09-29-urgup,R-dem-rep1,R,energy,dem,0.5,average,1.0,,0.5,average,1.0,,33063.4,22375.0,34427.3,83800.4,83962.0,1783.9,872.7,7984.5,6256.5,-0.3233,10688.4,14616.5,0.0569,0.2411,0.0264,0.00193
2026-09-29-urgup,A-distance,A,distance,none,0.5,average,1.0,,0.5,average,1.0,,33940.0,21862.5,33149.0,81837.9,82001.6,1845.9,1255.0,8025.5,6256.5,-0.3558,12077.5,15124.5,0.027,0.0567,0.037,0.002
2026-09-29-urgup,R-dem-rep2,R,energy,dem,0.5,average,1.0,,0.5,average,1.0,,33063.4,22375.0,34427.3,83800.4,83962.0,1783.9,872.7,7984.5,6256.5,-0.3233,10688.4,14616.5,0.0569,0.2411,0.0264,0.00193
2026-09-29-urgup,A-distance,A,distance,none,0.5,average,1.0,,0.5,average,1.0,,33940.0,21862.5,33149.0,81837.9,82001.6,1845.9,1255.0,8025.5,6256.5,-0.3558,12077.5,15124.5,0.027,0.0567,0.037,0.002
2026-09-29-urgup,R-dem-rep3,R,energy,dem,0.5,average,1.0,,0.5,average,1.0,,33063.4,22375.0,34427.3,83800.4,83962.0,1783.9,872.7,7984.5,6256.5,-0.3233,10688.4,14616.5,0.0569,0.2411,0.0264,0.00193
2026-09-29-urgup,A-distance,A,distance,none,0.5,average,1.0,,0.5,average,1.0,,33940.0,21862.5,33149.0,81837.9,82001.6,1845.9,1255.0,8025.5,6256.5,-0.3558,12077.5,15124.5,0.027,0.0567,0.037,0.002
2026-09-29-urgup,R-balance0-distance,R,distance,none,0.5,average,1.0,,0.5,average,1.0,,33940.0,21862.5,33149.0,81837.9,82001.6,1845.9,1255.0,8025.5,6256.5,-0.3558,12077.5,15124.5,0.027,0.0567,0.037,0.002
2026-09-29-urgup,A-distance,A,distance,none,0.5,average,1.0,,0.5,average,1.0,,33940.0,21862.5,33149.0,81837.9,82001.6,1845.9,1255.0,8025.5,6256.5,-0.3558,12077.5,15124.5,0.027,0.0567,0.037,0.002
2026-09-29-urgup,R-balance0-dem,R,energy,dem,0.5,average,1.0,,0.5,average,1.0,,33063.4,22375.0,34427.3,83800.4,83962.0,1783.9,872.7,7984.5,6256.5,-0.3233,10688.4,14616.5,0.0569,0.2411,0.0264,0.00193
2026-09-29-urgup,A-distance,A,distance,none,0.5,average,1.0,,0.5,average,1.0,,33940.0,21862.5,33149.0,81837.9,82001.6,1845.9,1255.0,8025.5,6256.5,-0.3558,12077.5,15124.5,0.027,0.0567,0.037,0.002
2026-09-29-urgup,R-cap0.15-dem,R,energy,dem,0.5,average,1.0,,0.5,average,1.0,,32153.9,22440.3,33824.7,84075.9,84218.3,1714.2,339.5,7892.8,6256.5,-0.3021,9713.6,14045.4,0.0691,0.2562,0.0106,0.00169
2026-09-29-urgup,A-distance,A,distance,none,0.5,average,1.0,,0.5,average,1.0,,33319.9,21862.5,32262.5,81837.9,81981.9,1797.8,543.0,7939.3,6256.5,-0.3439,11457.4,14730.4,0.0336,0.076,0.0163,0.00176
2026-09-29-urgup,R-cap0.3-dem,R,energy,dem,0.5,average,1.0,,0.5,average,1.0,,33745.4,22119.7,34330.2,82837.2,83013.7,1839.9,1247.8,7958.7,6256.5,-0.3445,11625.7,15075.4,0.0234,0.0378,0.037,0.00213
2026-09-29-urgup,A-distance,A,distance,none,0.5,average,1.0,,0.5,average,1.0,,34373.3,21862.5,33768.8,81837.9,82017.1,1876.0,1716.7,8032.7,6256.5,-0.364,12510.8,15371.2,0.0219,0.044,0.0499,0.00219
