route_name,direction,drawn_runs,closing_gap_m,drawn_as,eta_regen,mass_scenario,speed_kmh,distance_m,slope_distance_m,climb_m,descent_m,energy_wh_planar,energy_wh_dem,traction_wh,regen_wh,aux_wh,lost_friction_wh,stop_energy_wh,stops,asymmetry,planar_error_ratio,n_capped,n_nodata
AKSALUR,forward,1,6.2,closed_loop,0.0,empty,30,28108.0,28171.9,717.4,717.1,6592.4,13788.1,11910.0,0.0,1878.1,20.6,877.8,14,0.0063,-0.5219,52,0
AKSALUR,reverse,1,6.2,closed_loop,0.0,empty,30,28108.0,28172.2,723.2,720.0,6592.4,13875.6,11997.5,0.0,1878.1,21.2,877.8,14,0.0063,-0.5219,52,0
BAHÇELİEVLER,forward,7,911.1,open_chain,0.0,empty,30,10055.1,10063.0,152.1,153.6,2358.3,3582.4,2911.5,0.0,670.9,0.1,1692.9,27,0.0284,-0.3417,4,0
BAHÇELİEVLER,reverse,7,911.1,open_chain,0.0,empty,30,10055.1,10063.1,153.5,151.9,2358.3,3687.2,3016.3,0.0,670.9,0.4,1692.9,27,0.0284,-0.3417,4,0
EVKA,forward,2,3066.2,open_chain,0.0,empty,30,11372.2,11388.2,236.4,228.4,2667.2,4863.6,4104.4,0.0,759.2,1.9,1191.3,19,0.0243,-0.4516,11,0
EVKA,reverse,2,3066.2,open_chain,0.0,empty,30,11372.2,11387.9,223.7,233.8,2667.2,4745.3,3986.1,0.0,759.2,1.1,1191.3,19,0.0243,-0.4516,12,0
FATİH,forward,2,2179.1,open_chain,0.0,empty,30,10268.2,10278.8,167.3,167.1,2408.3,3836.2,3150.9,0.0,685.3,0.7,1254.0,20,0.0129,-0.3722,11,0
FATİH,reverse,2,2179.1,open_chain,0.0,empty,30,10268.2,10278.9,168.1,163.9,2408.3,3886.1,3200.9,0.0,685.3,4.5,1254.0,20,0.0129,-0.3722,12,0
HADOSAN,forward,1,4.8,closed_loop,0.0,empty,30,6804.7,6814.1,126.7,128.0,1596.0,2722.9,2268.7,0.0,454.3,2.2,0.0,0,0.0151,-0.4139,5,0
HADOSAN,reverse,1,4.8,closed_loop,0.0,empty,30,6804.7,6814.1,127.6,126.2,1596.0,2764.7,2310.5,0.0,454.3,0.5,0.0,0,0.0151,-0.4139,4,0
KAVAKLIÖNÜ,forward,1,5.6,closed_loop,0.0,empty,30,10019.9,10025.7,129.5,130.0,2350.0,3328.4,2660.1,0.0,668.4,0.3,940.5,15,0.0082,-0.294,4,0
KAVAKLIÖNÜ,reverse,1,5.6,closed_loop,0.0,empty,30,10019.9,10025.5,128.3,128.1,2350.0,3301.1,2632.7,0.0,668.4,0.1,940.5,15,0.0082,-0.294,5,0
TOKİ,forward,8,2902.1,open_chain,0.0,empty,30,13914.2,13930.0,238.8,238.4,3263.4,5336.9,4408.2,0.0,928.7,0.9,1379.4,22,0.0053,-0.3885,7,0
TOKİ,reverse,8,2902.1,open_chain,0.0,empty,30,13914.2,13929.1,235.7,233.1,3263.4,5365.4,4436.7,0.0,928.6,1.8,1379.4,22,0.0053,-0.3885,11,0
ÜSET,forward,1,4.8,closed_loop,0.0,empty,30,6328.5,6347.3,197.0,196.3,1484.3,3534.5,3111.4,0.0,423.2,5.2,0.0,0,0.0122,-0.5801,11,0
ÜSET,reverse,1,4.8,closed_loop,0.0,empty,30,6328.5,6347.2,197.6,197.0,1484.3,3578.1,3155.0,0.0,423.1,3.1,0.0,0,0.0122,-0.5801,8,0
AKSALUR,forward,1,6.2,closed_loop,0.0,average,30,28108.0,28171.9,717.4,717.1,7049.3,15198.7,13320.6,0.0,1878.1,95.7,958.4,14,0.0064,-0.5362,52,0
AKSALUR,reverse,1,6.2,closed_loop,0.0,average,30,28108.0,28172.2,723.2,720.0,7049.3,15296.7,13418.6,0.0,1878.1,91.0,958.4,14,0.0064,-0.5362,52,0
BAHÇELİEVLER,forward,7,911.1,open_chain,0.0,average,30,10055.1,10063.0,152.1,153.6,2521.8,3916.9,3246.1,0.0,670.9,0.4,1848.3,27,0.0286,-0.3562,4,0
BAHÇELİEVLER,reverse,7,911.1,open_chain,0.0,average,30,10055.1,10063.1,153.5,151.9,2521.8,4032.2,3361.3,0.0,670.9,1.4,1848.3,27,0.0286,-0.3562,4,0
EVKA,forward,2,3066.2,open_chain,0.0,average,30,11372.2,11388.2,236.4,228.4,2852.1,5344.6,4585.4,0.0,759.2,8.7,1300.6,19,0.0251,-0.4664,11,0
EVKA,reverse,2,3066.2,open_chain,0.0,average,30,11372.2,11387.9,223.7,233.8,2852.1,5210.6,4451.4,0.0,759.2,6.4,1300.6,19,0.0251,-0.4664,12,0
FATİH,forward,2,2179.1,open_chain,0.0,average,30,10268.2,10278.8,167.3,167.1,2575.2,4199.2,3513.9,0.0,685.3,3.0,1369.1,20,0.0131,-0.3867,11,0
FATİH,reverse,2,2179.1,open_chain,0.0,average,30,10268.2,10278.9,168.1,163.9,2575.2,4255.0,3569.8,0.0,685.3,18.0,1369.1,20,0.0131,-0.3867,12,0
HADOSAN,forward,1,4.8,closed_loop,0.0,average,30,6804.7,6814.1,126.7,128.0,1706.6,2987.0,2532.8,0.0,454.3,8.1,0.0,0,0.0153,-0.4287,5,0
HADOSAN,reverse,1,4.8,closed_loop,0.0,average,30,6804.7,6814.1,127.6,126.2,1706.6,3033.5,2579.2,0.0,454.3,2.1,0.0,0,0.0153,-0.4287,4,0
KAVAKLIÖNÜ,forward,1,5.6,closed_loop,0.0,average,30,10019.9,10025.7,129.5,130.0,2512.9,3629.8,2961.5,0.0,668.4,1.1,1026.8,15,0.0085,-0.3077,4,0
KAVAKLIÖNÜ,reverse,1,5.6,closed_loop,0.0,average,30,10019.9,10025.5,128.3,128.1,2512.9,3599.0,2930.6,0.0,668.4,0.5,1026.8,15,0.0085,-0.3077,5,0
TOKİ,forward,8,2902.1,open_chain,0.0,average,30,13914.2,13930.0,238.8,238.4,3489.6,5846.8,4918.1,0.0,928.7,4.3,1506.0,22,0.0052,-0.4032,7,0
TOKİ,reverse,8,2902.1,open_chain,0.0,average,30,13914.2,13929.1,235.7,233.1,3489.6,5877.1,4948.5,0.0,928.6,12.4,1506.0,22,0.0052,-0.4032,11,0
ÜSET,forward,1,4.8,closed_loop,0.0,average,30,6328.5,6347.3,197.0,196.3,1587.2,3907.2,3484.0,0.0,423.2,19.2,0.0,0,0.0123,-0.5938,11,0
ÜSET,reverse,1,4.8,closed_loop,0.0,average,30,6328.5,6347.2,197.6,197.0,1587.2,3955.7,3532.6,0.0,423.1,16.3,0.0,0,0.0123,-0.5938,8,0
AKSALUR,forward,1,6.2,closed_loop,0.0,full,30,28108.0,28171.9,717.4,717.1,7506.3,16609.4,14731.3,0.0,1878.1,202.8,1038.9,14,0.0065,-0.5481,52,0
AKSALUR,reverse,1,6.2,closed_loop,0.0,full,30,28108.0,28172.2,723.2,720.0,7506.3,16718.1,14840.0,0.0,1878.1,201.8,1038.9,14,0.0065,-0.5481,52,0
BAHÇELİEVLER,forward,7,911.1,open_chain,0.0,full,30,10055.1,10063.0,152.1,153.6,2685.2,4251.5,3580.6,0.0,670.9,0.8,2003.6,27,0.0288,-0.3684,4,0
BAHÇELİEVLER,reverse,7,911.1,open_chain,0.0,full,30,10055.1,10063.1,153.5,151.9,2685.2,4377.4,3706.5,0.0,670.9,5.3,2003.6,27,0.0288,-0.3684,4,0
EVKA,forward,2,3066.2,open_chain,0.0,full,30,11372.2,11388.2,236.4,228.4,3036.9,5825.6,5066.4,0.0,759.2,28.5,1410.0,19,0.0257,-0.4787,11,0
EVKA,reverse,2,3066.2,open_chain,0.0,full,30,11372.2,11387.9,223.7,233.8,3036.9,5676.0,4916.8,0.0,759.2,13.5,1410.0,19,0.0257,-0.4787,12,0
FATİH,forward,2,2179.1,open_chain,0.0,full,30,10268.2,10278.8,167.3,167.1,2742.1,4562.2,3877.0,0.0,685.3,7.0,1484.2,20,0.0134,-0.3989,11,0
FATİH,reverse,2,2179.1,open_chain,0.0,full,30,10268.2,10278.9,168.1,163.9,2742.1,4624.0,3938.7,0.0,685.3,32.0,1484.2,20,0.0134,-0.3989,12,0
HADOSAN,forward,1,4.8,closed_loop,0.0,full,30,6804.7,6814.1,126.7,128.0,1817.2,3251.2,2796.9,0.0,454.3,16.5,0.0,0,0.0155,-0.4411,5,0
HADOSAN,reverse,1,4.8,closed_loop,0.0,full,30,6804.7,6814.1,127.6,126.2,1817.2,3302.3,2848.0,0.0,454.3,11.9,0.0,0,0.0155,-0.4411,4,0
KAVAKLIÖNÜ,forward,1,5.6,closed_loop,0.0,full,30,10019.9,10025.7,129.5,130.0,2675.8,3931.2,3262.9,0.0,668.4,1.8,1113.1,15,0.0087,-0.3193,4,0
KAVAKLIÖNÜ,reverse,1,5.6,closed_loop,0.0,full,30,10019.9,10025.5,128.3,128.1,2675.8,3897.0,3228.6,0.0,668.4,0.9,1113.1,15,0.0087,-0.3193,5,0
TOKİ,forward,8,2902.1,open_chain,0.0,full,30,13914.2,13930.0,238.8,238.4,3715.8,6357.0,5428.3,0.0,928.7,18.7,1632.6,22,0.005,-0.4155,7,0
TOKİ,reverse,8,2902.1,open_chain,0.0,full,30,13914.2,13929.1,235.7,233.1,3715.8,6388.9,5460.3,0.0,928.6,24.4,1632.6,22,0.005,-0.4155,11,0
ÜSET,forward,1,4.8,closed_loop,0.0,full,30,6328.5,6347.3,197.0,196.3,1690.0,4279.8,3856.7,0.0,423.2,35.7,0.0,0,0.0123,-0.6051,11,0
ÜSET,reverse,1,4.8,closed_loop,0.0,full,30,6328.5,6347.2,197.6,197.0,1690.0,4333.3,3910.1,0.0,423.1,42.4,0.0,0,0.0123,-0.6051,8,0
AKSALUR,forward,1,6.2,closed_loop,0.3,empty,30,28108.0,28171.9,717.4,717.1,6592.4,11897.4,11910.0,1890.8,1878.1,20.6,707.7,14,0.0062,-0.4459,52,0
AKSALUR,reverse,1,6.2,closed_loop,0.3,empty,30,28108.0,28172.2,723.2,720.0,6592.4,11971.7,11997.5,1903.9,1878.1,21.2,707.7,14,0.0062,-0.4459,52,0
BAHÇELİEVLER,forward,7,911.1,open_chain,0.3,empty,30,10055.1,10063.0,152.1,153.6,2358.3,3254.3,2911.5,328.1,670.9,0.1,1364.8,27,0.0264,-0.2753,4,0
BAHÇELİEVLER,reverse,7,911.1,open_chain,0.3,empty,30,10055.1,10063.1,153.5,151.9,2358.3,3342.4,3016.3,344.7,670.9,0.4,1364.8,27,0.0264,-0.2753,4,0
EVKA,forward,2,3066.2,open_chain,0.3,empty,30,11372.2,11388.2,236.4,228.4,2667.2,4312.2,4104.4,551.4,759.2,1.9,960.4,19,0.0347,-0.3815,11,0
EVKA,reverse,2,3066.2,open_chain,0.3,empty,30,11372.2,11387.9,223.7,233.8,2667.2,4162.7,3986.1,582.6,759.2,1.1,960.4,19,0.0347,-0.3815,12,0
FATİH,forward,2,2179.1,open_chain,0.3,empty,30,10268.2,10278.8,167.3,167.1,2408.3,3460.2,3150.9,375.9,685.3,0.7,1010.9,20,0.0148,-0.304,11,0
FATİH,reverse,2,2179.1,open_chain,0.3,empty,30,10268.2,10278.9,168.1,163.9,2408.3,3512.1,3200.9,374.0,685.3,4.5,1010.9,20,0.0148,-0.304,12,0
HADOSAN,forward,1,4.8,closed_loop,0.3,empty,30,6804.7,6814.1,126.7,128.0,1596.0,2422.0,2268.7,301.0,454.3,2.2,0.0,0,0.0161,-0.3411,5,0
HADOSAN,reverse,1,4.8,closed_loop,0.3,empty,30,6804.7,6814.1,127.6,126.2,1596.0,2461.6,2310.5,303.2,454.3,0.5,0.0,0,0.0161,-0.3411,4,0
KAVAKLIÖNÜ,forward,1,5.6,closed_loop,0.3,empty,30,10019.9,10025.7,129.5,130.0,2350.0,3068.4,2660.1,260.0,668.4,0.3,758.2,15,0.0058,-0.2341,4,0
KAVAKLIÖNÜ,reverse,1,5.6,closed_loop,0.3,empty,30,10019.9,10025.5,128.3,128.1,2350.0,3050.7,2632.7,250.4,668.4,0.1,758.2,15,0.0058,-0.2341,5,0
TOKİ,forward,8,2902.1,open_chain,0.3,empty,30,13914.2,13930.0,238.8,238.4,3263.4,4791.5,4408.2,545.3,928.7,0.9,1112.0,22,0.006,-0.3189,7,0
TOKİ,reverse,8,2902.1,open_chain,0.3,empty,30,13914.2,13929.1,235.7,233.1,3263.4,4820.4,4436.7,545.0,928.6,1.8,1112.0,22,0.006,-0.3189,11,0
ÜSET,forward,1,4.8,closed_loop,0.3,empty,30,6328.5,6347.3,197.0,196.3,1484.3,2997.8,3111.4,536.7,423.2,5.2,0.0,0,0.0103,-0.5049,11,0
ÜSET,reverse,1,4.8,closed_loop,0.3,empty,30,6328.5,6347.2,197.6,197.0,1484.3,3028.9,3155.0,549.2,423.1,3.1,0.0,0,0.0103,-0.5049,8,0
AKSALUR,forward,1,6.2,closed_loop,0.3,average,30,28108.0,28171.9,717.4,717.1,7049.3,13078.8,13320.6,2119.9,1878.1,95.7,767.0,14,0.0062,-0.461,52,0
AKSALUR,reverse,1,6.2,closed_loop,0.3,average,30,28108.0,28172.2,723.2,720.0,7049.3,13160.6,13418.6,2136.2,1878.1,91.0,767.0,14,0.0062,-0.461,52,0
BAHÇELİEVLER,forward,7,911.1,open_chain,0.3,average,30,10055.1,10063.0,152.1,153.6,2521.8,3543.2,3246.1,373.8,670.9,0.4,1479.1,27,0.0268,-0.2883,4,0
BAHÇELİEVLER,reverse,7,911.1,open_chain,0.3,average,30,10055.1,10063.1,153.5,151.9,2521.8,3640.5,3361.3,391.6,670.9,1.4,1479.1,27,0.0268,-0.2883,4,0
EVKA,forward,2,3066.2,open_chain,0.3,average,30,11372.2,11388.2,236.4,228.4,2852.1,4720.5,4585.4,624.1,759.2,8.7,1040.9,19,0.0359,-0.3958,11,0
EVKA,reverse,2,3066.2,open_chain,0.3,average,30,11372.2,11387.9,223.7,233.8,2852.1,4551.2,4451.4,659.4,759.2,6.4,1040.9,19,0.0359,-0.3958,12,0
FATİH,forward,2,2179.1,open_chain,0.3,average,30,10268.2,10278.8,167.3,167.1,2575.2,3772.2,3513.9,426.9,685.3,3.0,1095.6,20,0.016,-0.3173,11,0
FATİH,reverse,2,2179.1,open_chain,0.3,average,30,10268.2,10278.9,168.1,163.9,2575.2,3833.6,3569.8,421.4,685.3,18.0,1095.6,20,0.016,-0.3173,12,0
HADOSAN,forward,1,4.8,closed_loop,0.3,average,30,6804.7,6814.1,126.7,128.0,1706.6,2646.8,2532.8,340.2,454.3,8.1,0.0,0,0.0159,-0.3552,5,0
HADOSAN,reverse,1,4.8,closed_loop,0.3,average,30,6804.7,6814.1,127.6,126.2,1706.6,2689.7,2579.2,343.8,454.3,2.1,0.0,0,0.0159,-0.3552,4,0
KAVAKLIÖNÜ,forward,1,5.6,closed_loop,0.3,average,30,10019.9,10025.7,129.5,130.0,2512.9,3333.3,2961.5,296.6,668.4,1.1,821.7,15,0.0061,-0.2461,4,0
KAVAKLIÖNÜ,reverse,1,5.6,closed_loop,0.3,average,30,10019.9,10025.5,128.3,128.1,2512.9,3313.1,2930.6,285.9,668.4,0.5,821.7,15,0.0061,-0.2461,5,0
TOKİ,forward,8,2902.1,open_chain,0.3,average,30,13914.2,13930.0,238.8,238.4,3489.6,5227.8,4918.1,619.0,928.7,4.3,1205.2,22,0.0063,-0.3325,7,0
TOKİ,reverse,8,2902.1,open_chain,0.3,average,30,13914.2,13929.1,235.7,233.1,3489.6,5261.0,4948.5,616.1,928.6,12.4,1205.2,22,0.0063,-0.3325,11,0
ÜSET,forward,1,4.8,closed_loop,0.3,average,30,6328.5,6347.3,197.0,196.3,1587.2,3303.7,3484.0,603.4,423.2,19.2,0.0,0,0.0103,-0.5196,11,0
ÜSET,reverse,1,4.8,closed_loop,0.3,average,30,6328.5,6347.2,197.6,197.0,1587.2,3338.2,3532.6,617.5,423.1,16.3,0.0,0,0.0103,-0.5196,8,0
AKSALUR,forward,1,6.2,closed_loop,0.3,full,30,28108.0,28171.9,717.4,717.1,7506.3,14270.0,14731.3,2339.4,1878.1,202.8,826.2,14,0.0064,-0.474,52,0
AKSALUR,reverse,1,6.2,closed_loop,0.3,full,30,28108.0,28172.2,723.2,720.0,7506.3,14362.0,14840.0,2356.2,1878.1,201.8,826.2,14,0.0064,-0.474,52,0
BAHÇELİEVLER,forward,7,911.1,open_chain,0.3,full,30,10055.1,10063.0,152.1,153.6,2685.2,3832.0,3580.6,419.5,670.9,0.8,1593.5,27,0.0273,-0.2993,4,0
BAHÇELİEVLER,reverse,7,911.1,open_chain,0.3,full,30,10055.1,10063.1,153.5,151.9,2685.2,3939.7,3706.5,437.7,670.9,5.3,1593.5,27,0.0273,-0.2993,4,0
EVKA,forward,2,3066.2,open_chain,0.3,full,30,11372.2,11388.2,236.4,228.4,3036.9,5132.8,5066.4,692.9,759.2,28.5,1121.3,19,0.0375,-0.4083,11,0
EVKA,reverse,2,3066.2,open_chain,0.3,full,30,11372.2,11387.9,223.7,233.8,3036.9,4940.3,4916.8,735.7,759.2,13.5,1121.3,19,0.0375,-0.4083,12,0
FATİH,forward,2,2179.1,open_chain,0.3,full,30,10268.2,10278.8,167.3,167.1,2742.1,4084.8,3877.0,477.5,685.3,7.0,1180.3,20,0.017,-0.3287,11,0
FATİH,reverse,2,2179.1,open_chain,0.3,full,30,10268.2,10278.9,168.1,163.9,2742.1,4155.3,3938.7,468.7,685.3,32.0,1180.3,20,0.017,-0.3287,12,0
HADOSAN,forward,1,4.8,closed_loop,0.3,full,30,6804.7,6814.1,126.7,128.0,1817.2,2872.4,2796.9,378.8,454.3,16.5,0.0,0,0.0164,-0.3674,5,0
HADOSAN,reverse,1,4.8,closed_loop,0.3,full,30,6804.7,6814.1,127.6,126.2,1817.2,2920.3,2848.0,382.0,454.3,11.9,0.0,0,0.0164,-0.3674,4,0
KAVAKLIÖNÜ,forward,1,5.6,closed_loop,0.3,full,30,10019.9,10025.7,129.5,130.0,2675.8,3598.1,3262.9,333.1,668.4,1.8,885.3,15,0.0062,-0.2563,4,0
KAVAKLIÖNÜ,reverse,1,5.6,closed_loop,0.3,full,30,10019.9,10025.5,128.3,128.1,2675.8,3575.6,3228.6,321.4,668.4,0.9,885.3,15,0.0062,-0.2563,5,0
TOKİ,forward,8,2902.1,open_chain,0.3,full,30,13914.2,13930.0,238.8,238.4,3715.8,5667.5,5428.3,689.5,928.7,18.7,1298.4,22,0.0061,-0.3444,7,0
TOKİ,reverse,8,2902.1,open_chain,0.3,full,30,13914.2,13929.1,235.7,233.1,3715.8,5702.2,5460.3,686.7,928.6,24.4,1298.4,22,0.0061,-0.3444,11,0
ÜSET,forward,1,4.8,closed_loop,0.3,full,30,6328.5,6347.3,197.0,196.3,1690.0,3610.5,3856.7,669.4,423.2,35.7,0.0,0,0.0112,-0.5319,11,0
ÜSET,reverse,1,4.8,closed_loop,0.3,full,30,6328.5,6347.2,197.6,197.0,1690.0,3651.3,3910.1,681.9,423.1,42.4,0.0,0,0.0112,-0.5319,8,0
AKSALUR,forward,1,6.2,closed_loop,0.5,empty,30,28108.0,28171.9,717.4,717.1,6592.4,10636.9,11910.0,3151.3,1878.1,20.6,594.2,14,0.0061,-0.3802,52,0
AKSALUR,reverse,1,6.2,closed_loop,0.5,empty,30,28108.0,28172.2,723.2,720.0,6592.4,10702.4,11997.5,3173.2,1878.1,21.2,594.2,14,0.0061,-0.3802,52,0
BAHÇELİEVLER,forward,7,911.1,open_chain,0.5,empty,30,10055.1,10063.0,152.1,153.6,2358.3,3035.6,2911.5,546.8,670.9,0.1,1146.0,27,0.0247,-0.2231,4,0
BAHÇELİEVLER,reverse,7,911.1,open_chain,0.5,empty,30,10055.1,10063.1,153.5,151.9,2358.3,3112.6,3016.3,574.5,670.9,0.4,1146.0,27,0.0247,-0.2231,4,0
EVKA,forward,2,3066.2,open_chain,0.5,empty,30,11372.2,11388.2,236.4,228.4,2667.2,3944.6,4104.4,919.0,759.2,1.9,806.5,19,0.0432,-0.3238,11,0
EVKA,reverse,2,3066.2,open_chain,0.5,empty,30,11372.2,11387.9,223.7,233.8,2667.2,3774.3,3986.1,971.0,759.2,1.1,806.5,19,0.0432,-0.3238,12,0
FATİH,forward,2,2179.1,open_chain,0.5,empty,30,10268.2,10278.8,167.3,167.1,2408.3,3209.6,3150.9,626.6,685.3,0.7,848.9,20,0.0163,-0.2497,11,0
FATİH,reverse,2,2179.1,open_chain,0.5,empty,30,10268.2,10278.9,168.1,163.9,2408.3,3262.8,3200.9,623.3,685.3,4.5,848.9,20,0.0163,-0.2497,12,0
HADOSAN,forward,1,4.8,closed_loop,0.5,empty,30,6804.7,6814.1,126.7,128.0,1596.0,2221.4,2268.7,501.6,454.3,2.2,0.0,0,0.0169,-0.2815,5,0
HADOSAN,reverse,1,4.8,closed_loop,0.5,empty,30,6804.7,6814.1,127.6,126.2,1596.0,2259.5,2310.5,505.3,454.3,0.5,0.0,0,0.0169,-0.2815,4,0
KAVAKLIÖNÜ,forward,1,5.6,closed_loop,0.5,empty,30,10019.9,10025.7,129.5,130.0,2350.0,2895.1,2660.1,433.3,668.4,0.3,636.7,15,0.0039,-0.1883,4,0
KAVAKLIÖNÜ,reverse,1,5.6,closed_loop,0.5,empty,30,10019.9,10025.5,128.3,128.1,2350.0,2883.7,2632.7,417.4,668.4,0.1,636.7,15,0.0039,-0.1883,5,0
TOKİ,forward,8,2902.1,open_chain,0.5,empty,30,13914.2,13930.0,238.8,238.4,3263.4,4428.0,4408.2,908.9,928.7,0.9,933.8,22,0.0065,-0.263,7,0
TOKİ,reverse,8,2902.1,open_chain,0.5,empty,30,13914.2,13929.1,235.7,233.1,3263.4,4457.1,4436.7,908.3,928.6,1.8,933.8,22,0.0065,-0.263,11,0
ÜSET,forward,1,4.8,closed_loop,0.5,empty,30,6328.5,6347.3,197.0,196.3,1484.3,2640.0,3111.4,894.5,423.2,5.2,0.0,0,0.0086,-0.4378,11,0
ÜSET,reverse,1,4.8,closed_loop,0.5,empty,30,6328.5,6347.2,197.6,197.0,1484.3,2662.8,3155.0,915.3,423.1,3.1,0.0,0,0.0086,-0.4378,8,0
AKSALUR,forward,1,6.2,closed_loop,0.5,average,30,28108.0,28171.9,717.4,717.1,7049.3,11665.6,13320.6,3533.1,1878.1,95.7,639.3,14,0.006,-0.3957,52,0
AKSALUR,reverse,1,6.2,closed_loop,0.5,average,30,28108.0,28172.2,723.2,720.0,7049.3,11736.5,13418.6,3560.3,1878.1,91.0,639.3,14,0.006,-0.3957,52,0
BAHÇELİEVLER,forward,7,911.1,open_chain,0.5,average,30,10055.1,10063.0,152.1,153.6,2521.8,3294.0,3246.1,623.0,670.9,0.4,1233.0,27,0.0253,-0.2344,4,0
BAHÇELİEVLER,reverse,7,911.1,open_chain,0.5,average,30,10055.1,10063.1,153.5,151.9,2521.8,3379.5,3361.3,652.7,670.9,1.4,1233.0,27,0.0253,-0.2344,4,0
EVKA,forward,2,3066.2,open_chain,0.5,average,30,11372.2,11388.2,236.4,228.4,2852.1,4304.5,4585.4,1040.2,759.2,8.7,867.7,19,0.0448,-0.3374,11,0
EVKA,reverse,2,3066.2,open_chain,0.5,average,30,11372.2,11387.9,223.7,233.8,2852.1,4111.6,4451.4,1099.0,759.2,6.4,867.7,19,0.0448,-0.3374,12,0
FATİH,forward,2,2179.1,open_chain,0.5,average,30,10268.2,10278.8,167.3,167.1,2575.2,3487.6,3513.9,711.6,685.3,3.0,913.4,20,0.0183,-0.2616,11,0
FATİH,reverse,2,2179.1,open_chain,0.5,average,30,10268.2,10278.9,168.1,163.9,2575.2,3552.7,3569.8,702.4,685.3,18.0,913.4,20,0.0183,-0.2616,12,0
HADOSAN,forward,1,4.8,closed_loop,0.5,average,30,6804.7,6814.1,126.7,128.0,1706.6,2420.0,2532.8,567.1,454.3,8.1,0.0,0,0.0165,-0.2948,5,0
HADOSAN,reverse,1,4.8,closed_loop,0.5,average,30,6804.7,6814.1,127.6,126.2,1706.6,2460.5,2579.2,573.0,454.3,2.1,0.0,0,0.0165,-0.2948,4,0
KAVAKLIÖNÜ,forward,1,5.6,closed_loop,0.5,average,30,10019.9,10025.7,129.5,130.0,2512.9,3135.6,2961.5,494.3,668.4,1.1,685.0,15,0.0042,-0.1986,4,0
KAVAKLIÖNÜ,reverse,1,5.6,closed_loop,0.5,average,30,10019.9,10025.5,128.3,128.1,2512.9,3122.5,2930.6,476.5,668.4,0.5,685.0,15,0.0042,-0.1986,5,0
TOKİ,forward,8,2902.1,open_chain,0.5,average,30,13914.2,13930.0,238.8,238.4,3489.6,4815.1,4918.1,1031.7,928.7,4.3,1004.7,22,0.0073,-0.2753,7,0
TOKİ,reverse,8,2902.1,open_chain,0.5,average,30,13914.2,13929.1,235.7,233.1,3489.6,4850.3,4948.5,1026.8,928.6,12.4,1004.7,22,0.0073,-0.2753,11,0
ÜSET,forward,1,4.8,closed_loop,0.5,average,30,6328.5,6347.3,197.0,196.3,1587.2,2901.5,3484.0,1005.7,423.2,19.2,0.0,0,0.0086,-0.453,11,0
ÜSET,reverse,1,4.8,closed_loop,0.5,average,30,6328.5,6347.2,197.6,197.0,1587.2,2926.6,3532.6,1029.1,423.1,16.3,0.0,0,0.0086,-0.453,8,0
AKSALUR,forward,1,6.2,closed_loop,0.5,full,30,28108.0,28171.9,717.4,717.1,7506.3,12710.4,14731.3,3899.0,1878.1,202.8,684.5,14,0.0063,-0.4094,52,0
AKSALUR,reverse,1,6.2,closed_loop,0.5,full,30,28108.0,28172.2,723.2,720.0,7506.3,12791.2,14840.0,3927.0,1878.1,201.8,684.5,14,0.0063,-0.4094,52,0
BAHÇELİEVLER,forward,7,911.1,open_chain,0.5,full,30,10055.1,10063.0,152.1,153.6,2685.2,3552.3,3580.6,699.2,670.9,0.8,1320.0,27,0.0262,-0.2441,4,0
BAHÇELİEVLER,reverse,7,911.1,open_chain,0.5,full,30,10055.1,10063.1,153.5,151.9,2685.2,3647.9,3706.5,729.5,670.9,5.3,1320.0,27,0.0262,-0.2441,4,0
EVKA,forward,2,3066.2,open_chain,0.5,full,30,11372.2,11388.2,236.4,228.4,3036.9,4670.8,5066.4,1154.8,759.2,28.5,928.9,19,0.0473,-0.3498,11,0
EVKA,reverse,2,3066.2,open_chain,0.5,full,30,11372.2,11387.9,223.7,233.8,3036.9,4449.9,4916.8,1226.1,759.2,13.5,928.9,19,0.0473,-0.3498,12,0
FATİH,forward,2,2179.1,open_chain,0.5,full,30,10268.2,10278.8,167.3,167.1,2742.1,3766.5,3877.0,795.8,685.3,7.0,977.8,20,0.0199,-0.272,11,0
FATİH,reverse,2,2179.1,open_chain,0.5,full,30,10268.2,10278.9,168.1,163.9,2742.1,3842.8,3938.7,781.2,685.3,32.0,977.8,20,0.0199,-0.272,12,0
HADOSAN,forward,1,4.8,closed_loop,0.5,full,30,6804.7,6814.1,126.7,128.0,1817.2,2619.9,2796.9,631.3,454.3,16.5,0.0,0,0.0172,-0.3064,5,0
HADOSAN,reverse,1,4.8,closed_loop,0.5,full,30,6804.7,6814.1,127.6,126.2,1817.2,2665.6,2848.0,636.6,454.3,11.9,0.0,0,0.0172,-0.3064,4,0
KAVAKLIÖNÜ,forward,1,5.6,closed_loop,0.5,full,30,10019.9,10025.7,129.5,130.0,2675.8,3376.0,3262.9,555.2,668.4,1.8,733.3,15,0.0043,-0.2074,4,0
KAVAKLIÖNÜ,reverse,1,5.6,closed_loop,0.5,full,30,10019.9,10025.5,128.3,128.1,2675.8,3361.4,3228.6,535.6,668.4,0.9,733.3,15,0.0043,-0.2074,5,0
TOKİ,forward,8,2902.1,open_chain,0.5,full,30,13914.2,13930.0,238.8,238.4,3715.8,5207.8,5428.3,1149.2,928.7,18.7,1075.6,22,0.007,-0.2865,7,0
TOKİ,reverse,8,2902.1,open_chain,0.5,full,30,13914.2,13929.1,235.7,233.1,3715.8,5244.3,5460.3,1144.6,928.6,24.4,1075.6,22,0.007,-0.2865,11,0
ÜSET,forward,1,4.8,closed_loop,0.5,full,30,6328.5,6347.3,197.0,196.3,1690.0,3164.2,3856.7,1115.6,423.2,35.7,0.0,0,0.0102,-0.4659,11,0
ÜSET,reverse,1,4.8,closed_loop,0.5,full,30,6328.5,6347.2,197.6,197.0,1690.0,3196.7,3910.1,1136.5,423.1,42.4,0.0,0,0.0102,-0.4659,8,0
AKSALUR,forward,1,6.2,closed_loop,0.7,empty,30,28108.0,28171.9,717.4,717.1,6592.4,9376.4,11910.0,4411.8,1878.1,20.6,480.8,14,0.006,-0.2969,52,0
AKSALUR,reverse,1,6.2,closed_loop,0.7,empty,30,28108.0,28172.2,723.2,720.0,6592.4,9433.2,11997.5,4442.4,1878.1,21.2,480.8,14,0.006,-0.2969,52,0
BAHÇELİEVLER,forward,7,911.1,open_chain,0.7,empty,30,10055.1,10063.0,152.1,153.6,2358.3,2816.9,2911.5,765.5,670.9,0.1,927.3,27,0.0229,-0.1628,4,0
BAHÇELİEVLER,reverse,7,911.1,open_chain,0.7,empty,30,10055.1,10063.1,153.5,151.9,2358.3,2882.8,3016.3,804.3,670.9,0.4,927.3,27,0.0229,-0.1628,4,0
EVKA,forward,2,3066.2,open_chain,0.7,empty,30,11372.2,11388.2,236.4,228.4,2667.2,3577.0,4104.4,1286.6,759.2,1.9,652.5,19,0.0534,-0.2544,11,0
EVKA,reverse,2,3066.2,open_chain,0.7,empty,30,11372.2,11387.9,223.7,233.8,2667.2,3385.9,3986.1,1359.4,759.2,1.1,652.5,19,0.0534,-0.2544,12,0
FATİH,forward,2,2179.1,open_chain,0.7,empty,30,10268.2,10278.8,167.3,167.1,2408.3,2959.0,3150.9,877.2,685.3,0.7,686.9,20,0.0181,-0.1861,11,0
FATİH,reverse,2,2179.1,open_chain,0.7,empty,30,10268.2,10278.9,168.1,163.9,2408.3,3013.5,3200.9,872.7,685.3,4.5,686.9,20,0.0181,-0.1861,12,0
HADOSAN,forward,1,4.8,closed_loop,0.7,empty,30,6804.7,6814.1,126.7,128.0,1596.0,2020.7,2268.7,702.2,454.3,2.2,0.0,0,0.0178,-0.2102,5,0
HADOSAN,reverse,1,4.8,closed_loop,0.7,empty,30,6804.7,6814.1,127.6,126.2,1596.0,2057.4,2310.5,707.4,454.3,0.5,0.0,0,0.0178,-0.2102,4,0
KAVAKLIÖNÜ,forward,1,5.6,closed_loop,0.7,empty,30,10019.9,10025.7,129.5,130.0,2350.0,2721.8,2660.1,606.7,668.4,0.3,515.2,15,0.0018,-0.1366,4,0
KAVAKLIÖNÜ,reverse,1,5.6,closed_loop,0.7,empty,30,10019.9,10025.5,128.3,128.1,2350.0,2716.8,2632.7,584.3,668.4,0.1,515.2,15,0.0018,-0.1366,5,0
TOKİ,forward,8,2902.1,open_chain,0.7,empty,30,13914.2,13930.0,238.8,238.4,3263.4,4064.4,4408.2,1272.5,928.7,0.9,755.6,22,0.0072,-0.1971,7,0
TOKİ,reverse,8,2902.1,open_chain,0.7,empty,30,13914.2,13929.1,235.7,233.1,3263.4,4093.8,4436.7,1271.6,928.6,1.8,755.6,22,0.0072,-0.1971,11,0
ÜSET,forward,1,4.8,closed_loop,0.7,empty,30,6328.5,6347.3,197.0,196.3,1484.3,2282.2,3111.4,1252.4,423.2,5.2,0.0,0,0.0063,-0.3496,11,0
ÜSET,reverse,1,4.8,closed_loop,0.7,empty,30,6328.5,6347.2,197.6,197.0,1484.3,2296.6,3155.0,1281.5,423.1,3.1,0.0,0,0.0063,-0.3496,8,0
AKSALUR,forward,1,6.2,closed_loop,0.7,average,30,28108.0,28171.9,717.4,717.1,7049.3,10252.3,13320.6,4946.4,1878.1,95.7,511.7,14,0.0058,-0.3124,52,0
AKSALUR,reverse,1,6.2,closed_loop,0.7,average,30,28108.0,28172.2,723.2,720.0,7049.3,10312.4,13418.6,4984.4,1878.1,91.0,511.7,14,0.0058,-0.3124,52,0
BAHÇELİEVLER,forward,7,911.1,open_chain,0.7,average,30,10055.1,10063.0,152.1,153.6,2521.8,3044.8,3246.1,872.2,670.9,0.4,986.9,27,0.0236,-0.1718,4,0
BAHÇELİEVLER,reverse,7,911.1,open_chain,0.7,average,30,10055.1,10063.1,153.5,151.9,2521.8,3118.4,3361.3,913.8,670.9,1.4,986.9,27,0.0236,-0.1718,4,0
EVKA,forward,2,3066.2,open_chain,0.7,average,30,11372.2,11388.2,236.4,228.4,2852.1,3888.4,4585.4,1456.2,759.2,8.7,694.5,19,0.0556,-0.2665,11,0
EVKA,reverse,2,3066.2,open_chain,0.7,average,30,11372.2,11387.9,223.7,233.8,2852.1,3672.0,4451.4,1538.6,759.2,6.4,694.5,19,0.0556,-0.2665,12,0
FATİH,forward,2,2179.1,open_chain,0.7,average,30,10268.2,10278.8,167.3,167.1,2575.2,3203.0,3513.9,996.2,685.3,3.0,731.1,20,0.021,-0.196,11,0
FATİH,reverse,2,2179.1,open_chain,0.7,average,30,10268.2,10278.9,168.1,163.9,2575.2,3271.7,3569.8,983.4,685.3,18.0,731.1,20,0.021,-0.196,12,0
HADOSAN,forward,1,4.8,closed_loop,0.7,average,30,6804.7,6814.1,126.7,128.0,1706.6,2193.2,2532.8,793.9,454.3,8.1,0.0,0,0.0171,-0.2219,5,0
HADOSAN,reverse,1,4.8,closed_loop,0.7,average,30,6804.7,6814.1,127.6,126.2,1706.6,2231.3,2579.2,802.2,454.3,2.1,0.0,0,0.0171,-0.2219,4,0
KAVAKLIÖNÜ,forward,1,5.6,closed_loop,0.7,average,30,10019.9,10025.7,129.5,130.0,2512.9,2937.8,2961.5,692.0,668.4,1.1,548.3,15,0.002,-0.1446,4,0
KAVAKLIÖNÜ,reverse,1,5.6,closed_loop,0.7,average,30,10019.9,10025.5,128.3,128.1,2512.9,2931.9,2930.6,667.1,668.4,0.5,548.3,15,0.002,-0.1446,5,0
TOKİ,forward,8,2902.1,open_chain,0.7,average,30,13914.2,13930.0,238.8,238.4,3489.6,4402.4,4918.1,1444.4,928.7,4.3,804.2,22,0.0084,-0.2073,7,0
TOKİ,reverse,8,2902.1,open_chain,0.7,average,30,13914.2,13929.1,235.7,233.1,3489.6,4439.6,4948.5,1437.5,928.6,12.4,804.2,22,0.0084,-0.2073,11,0
ÜSET,forward,1,4.8,closed_loop,0.7,average,30,6328.5,6347.3,197.0,196.3,1587.2,2499.2,3484.0,1408.0,423.2,19.2,0.0,0,0.0063,-0.3649,11,0
ÜSET,reverse,1,4.8,closed_loop,0.7,average,30,6328.5,6347.2,197.6,197.0,1587.2,2514.9,3532.6,1440.8,423.1,16.3,0.0,0,0.0063,-0.3649,8,0
AKSALUR,forward,1,6.2,closed_loop,0.7,full,30,28108.0,28171.9,717.4,717.1,7506.3,11150.8,14731.3,5458.6,1878.1,202.8,542.7,14,0.0062,-0.3268,52,0
AKSALUR,reverse,1,6.2,closed_loop,0.7,full,30,28108.0,28172.2,723.2,720.0,7506.3,11220.4,14840.0,5497.8,1878.1,201.8,542.7,14,0.0062,-0.3268,52,0
BAHÇELİEVLER,forward,7,911.1,open_chain,0.7,full,30,10055.1,10063.0,152.1,153.6,2685.2,3272.7,3580.6,978.8,670.9,0.8,1046.6,27,0.0249,-0.1795,4,0
BAHÇELİEVLER,reverse,7,911.1,open_chain,0.7,full,30,10055.1,10063.1,153.5,151.9,2685.2,3356.1,3706.5,1021.3,670.9,5.3,1046.6,27,0.0249,-0.1795,4,0
EVKA,forward,2,3066.2,open_chain,0.7,full,30,11372.2,11388.2,236.4,228.4,3036.9,4208.9,5066.4,1616.8,759.2,28.5,736.5,19,0.0593,-0.2784,11,0
EVKA,reverse,2,3066.2,open_chain,0.7,full,30,11372.2,11387.9,223.7,233.8,3036.9,3959.4,4916.8,1716.6,759.2,13.5,736.5,19,0.0593,-0.2784,12,0
FATİH,forward,2,2179.1,open_chain,0.7,full,30,10268.2,10278.8,167.3,167.1,2742.1,3448.2,3877.0,1114.1,685.3,7.0,775.3,20,0.0233,-0.2048,11,0
FATİH,reverse,2,2179.1,open_chain,0.7,full,30,10268.2,10278.9,168.1,163.9,2742.1,3530.3,3938.7,1093.7,685.3,32.0,775.3,20,0.0233,-0.2048,12,0
HADOSAN,forward,1,4.8,closed_loop,0.7,full,30,6804.7,6814.1,126.7,128.0,1817.2,2367.4,2796.9,883.8,454.3,16.5,0.0,0,0.0181,-0.2324,5,0
HADOSAN,reverse,1,4.8,closed_loop,0.7,full,30,6804.7,6814.1,127.6,126.2,1817.2,2411.0,2848.0,891.3,454.3,11.9,0.0,0,0.0181,-0.2324,4,0
KAVAKLIÖNÜ,forward,1,5.6,closed_loop,0.7,full,30,10019.9,10025.7,129.5,130.0,2675.8,3153.9,3262.9,777.3,668.4,1.8,581.4,15,0.0022,-0.1516,4,0
KAVAKLIÖNÜ,reverse,1,5.6,closed_loop,0.7,full,30,10019.9,10025.5,128.3,128.1,2675.8,3147.1,3228.6,749.9,668.4,0.9,581.4,15,0.0022,-0.1516,5,0
TOKİ,forward,8,2902.1,open_chain,0.7,full,30,13914.2,13930.0,238.8,238.4,3715.8,4748.2,5428.3,1608.8,928.7,18.7,852.8,22,0.008,-0.2174,7,0
TOKİ,reverse,8,2902.1,open_chain,0.7,full,30,13914.2,13929.1,235.7,233.1,3715.8,4786.5,5460.3,1602.4,928.6,24.4,852.8,22,0.008,-0.2174,11,0
ÜSET,forward,1,4.8,closed_loop,0.7,full,30,6328.5,6347.3,197.0,196.3,1690.0,2717.9,3856.7,1561.9,423.2,35.7,0.0,0,0.0088,-0.3782,11,0
ÜSET,reverse,1,4.8,closed_loop,0.7,full,30,6328.5,6347.2,197.6,197.0,1690.0,2742.1,3910.1,1591.1,423.1,42.4,0.0,0,0.0088,-0.3782,8,0
