stop_id,repeats,modal_route,modal_share
0,30,opt-dc9f220b-6,1.0
1,30,opt-dc9f220b-6,1.0
10,30,opt-dc9f220b-7,1.0
100,30,opt-dc9f220b-2,1.0
101,30,opt-dc9f220b-2,1.0
102,30,opt-dc9f220b-2,1.0
103,30,opt-dc9f220b-2,1.0
104,30,opt-dc9f220b-2,1.0
105,30,opt-dc9f220b-2,1.0
106,30,opt-dc9f220b-2,1.0
107,30,opt-dc9f220b-2,1.0
108,30,opt-dc9f220b-2,1.0
109,30,opt-dc9f220b-2,1.0
11,30,opt-dc9f220b-7,0.7667
110,30,opt-dc9f220b-2,1.0
111,30,opt-dc9f220b-2,1.0
112,30,opt-dc9f220b-2,1.0
113,30,opt-dc9f220b-2,1.0
114,30,opt-dc9f220b-2,1.0
115,30,opt-dc9f220b-2,1.0
116,30,opt-dc9f220b-2,1.0
117,30,opt-dc9f220b-2,1.0
118,30,opt-dc9f220b-2,1.0
12,30,opt-dc9f220b-4,1.0
120,30,opt-dc9f220b-8,1.0
121,30,opt-dc9f220b-7,1.0
122,30,opt-dc9f220b-8,1.0
123,30,opt-dc9f220b-8,1.0
124,30,opt-dc9f220b-4,1.0
125,30,opt-dc9f220b-8,1.0
126,30,opt-dc9f220b-8,1.0
127,30,opt-dc9f220b-7,1.0
128,30,opt-dc9f220b-7,1.0
129,30,opt-dc9f220b-6,1.0
13,30,opt-dc9f220b-6,1.0
130,30,opt-dc9f220b-6,1.0
14,30,opt-dc9f220b-2,1.0
15,30,opt-dc9f220b-4,1.0
16,30,opt-dc9f220b-4,1.0
17,30,opt-dc9f220b-4,1.0
18,30,opt-dc9f220b-4,1.0
19,30,opt-dc9f220b-4,1.0
2,30,opt-dc9f220b-6,1.0
20,30,opt-dc9f220b-4,1.0
21,30,opt-dc9f220b-4,1.0
22,30,opt-dc9f220b-4,1.0
23,30,opt-dc9f220b-4,1.0
24,30,opt-dc9f220b-4,1.0
25,30,opt-dc9f220b-4,1.0
26,30,opt-dc9f220b-4,1.0
27,30,opt-dc9f220b-4,1.0
28,30,opt-dc9f220b-4,1.0
29,30,opt-dc9f220b-4,1.0
3,30,opt-dc9f220b-6,1.0
30,30,opt-dc9f220b-4,1.0
31,30,opt-dc9f220b-4,1.0
32,30,opt-dc9f220b-4,1.0
33,30,opt-dc9f220b-1,1.0
34,30,opt-dc9f220b-1,1.0
35,30,opt-dc9f220b-1,1.0
36,30,opt-dc9f220b-1,1.0
37,30,opt-dc9f220b-1,1.0
38,30,opt-dc9f220b-1,1.0
39,30,opt-dc9f220b-1,1.0
4,30,opt-dc9f220b-6,1.0
40,30,opt-dc9f220b-1,1.0
41,30,opt-dc9f220b-1,1.0
42,30,opt-dc9f220b-1,1.0
43,30,opt-dc9f220b-1,1.0
45,30,opt-dc9f220b-1,1.0
46,30,opt-dc9f220b-1,1.0
47,30,opt-dc9f220b-1,1.0
48,30,opt-dc9f220b-1,1.0
49,30,opt-dc9f220b-1,1.0
5,30,opt-dc9f220b-6,1.0
50,30,opt-dc9f220b-1,1.0
51,30,opt-dc9f220b-1,1.0
52,30,opt-dc9f220b-1,1.0
53,30,opt-dc9f220b-1,1.0
54,30,opt-dc9f220b-1,1.0
55,30,opt-dc9f220b-1,1.0
56,30,opt-dc9f220b-1,1.0
57,30,opt-dc9f220b-1,1.0
58,30,opt-dc9f220b-1,1.0
59,30,opt-dc9f220b-5,1.0
6,30,opt-dc9f220b-6,1.0
60,30,opt-dc9f220b-5,1.0
61,30,opt-dc9f220b-5,1.0
62,30,opt-dc9f220b-5,1.0
63,30,opt-dc9f220b-5,1.0
64,30,opt-dc9f220b-5,1.0
65,30,opt-dc9f220b-5,1.0
66,30,opt-dc9f220b-5,1.0
67,30,opt-dc9f220b-5,1.0
68,30,opt-dc9f220b-5,1.0
69,30,opt-dc9f220b-5,1.0
7,30,opt-dc9f220b-6,1.0
70,30,opt-dc9f220b-5,1.0
71,30,opt-dc9f220b-5,1.0
72,30,opt-dc9f220b-5,1.0
73,30,opt-dc9f220b-5,1.0
74,30,opt-dc9f220b-5,1.0
75,30,opt-dc9f220b-5,1.0
76,30,opt-dc9f220b-5,1.0
77,30,opt-dc9f220b-5,1.0
78,30,opt-dc9f220b-3,1.0
79,30,opt-dc9f220b-3,1.0
8,30,opt-dc9f220b-6,1.0
80,30,opt-dc9f220b-3,1.0
81,30,opt-dc9f220b-3,1.0
82,30,opt-dc9f220b-2,1.0
83,30,opt-dc9f220b-3,1.0
84,30,opt-dc9f220b-3,1.0
85,30,opt-dc9f220b-3,1.0
86,30,opt-dc9f220b-3,1.0
87,30,opt-dc9f220b-3,1.0
88,30,opt-dc9f220b-3,1.0
89,30,opt-dc9f220b-3,1.0
9,30,opt-dc9f220b-6,1.0
90,30,opt-dc9f220b-3,1.0
91,30,opt-dc9f220b-3,1.0
92,30,opt-dc9f220b-3,1.0
93,30,opt-dc9f220b-3,1.0
94,30,opt-dc9f220b-3,1.0
95,30,opt-dc9f220b-3,1.0
96,30,opt-dc9f220b-3,1.0
97,30,opt-dc9f220b-3,1.0
98,30,opt-dc9f220b-3,1.0
99,30,opt-dc9f220b-2,1.0
