run_id,cell_id,cost_basis,seed,time_limit_s,solver_objective,solver_seconds,E_dem_wh,E_planar_wh,km,climb_m,jaccard_to_reference,stops_changing_line,kendall_tau_to_reference,reference_cell,E_dem_reference_wh,voti_vs_distance_wh,voti_vs_distance_pct,eta_regen,mass_scenario,balance_weight
2026-10-R1,E1-distance-t15-s1,distance,1,15,595145.0,17.7,34121.3,22008.2,82.431,1856.6,1.0,0,0.6519,A-distance,33940.0,,,0.5,average,20
2026-10-R1,E1-energy-dem-t15-s1,energy-dem,1,15,598761.0,20.3,33060.4,22491.7,84.238,1781.4,1.0,0,0.4998,A-dem-eta0.5-average,33063.4,1060.9,3.11,0.5,average,20
2026-10-R1,E1-distance-t15-s2,distance,2,15,595092.0,17.7,34146.4,21993.5,82.378,1859.2,1.0,0,0.6716,A-distance,33940.0,,,0.5,average,20
2026-10-R1,E1-energy-dem-t15-s2,energy-dem,2,15,598870.0,19.9,33172.7,22640.0,84.892,1788.4,1.0,0,0.3123,A-dem-eta0.5-average,33063.4,973.7,2.85,0.5,average,20
2026-10-R1,E1-distance-t15-s3,distance,3,15,594831.0,18.9,34023.5,21906.5,82.115,1848.2,1.0,0,0.7066,A-distance,33940.0,,,0.5,average,20
2026-10-R1,E1-energy-dem-t15-s3,energy-dem,3,15,598696.0,20.5,32996.8,22507.1,84.342,1778.3,1.0,0,0.4582,A-dem-eta0.5-average,33063.4,1026.7,3.02,0.5,average,20
2026-10-R1,E1-distance-t15-s4,distance,4,15,594848.0,17.8,34010.5,21932.2,82.134,1845.5,1.0,0,0.4288,A-distance,33940.0,,,0.5,average,20
2026-10-R1,E1-energy-dem-t15-s4,energy-dem,4,15,598768.0,20.4,33068.5,22684.0,85.007,1780.0,1.0,0,0.2731,A-dem-eta0.5-average,33063.4,942.0,2.77,0.5,average,20
2026-10-R1,E1-distance-t15-s5,distance,5,15,595092.0,17.7,34146.4,21993.5,82.378,1859.2,1.0,0,0.6825,A-distance,33940.0,,,0.5,average,20
2026-10-R1,E1-energy-dem-t15-s5,energy-dem,5,15,598866.0,20.3,33171.4,22572.7,84.649,1794.8,1.0,0,0.5973,A-dem-eta0.5-average,33063.4,975.0,2.86,0.5,average,20
2026-10-R1,E1-distance-t15-s6,distance,6,15,594740.0,17.6,34033.2,21868.4,82.026,1858.0,1.0,0,0.7585,A-distance,33940.0,,,0.5,average,20
2026-10-R1,E1-energy-dem-t15-s6,energy-dem,6,15,598691.0,20.1,32995.5,22439.8,84.099,1784.7,1.0,0,0.7058,A-dem-eta0.5-average,33063.4,1037.7,3.05,0.5,average,20
2026-10-R1,E1-distance-t15-s7,distance,7,15,594778.0,17.7,33988.4,21906.5,82.062,1844.2,1.0,0,0.8047,A-distance,33940.0,,,0.5,average,20
2026-10-R1,E1-energy-dem-t15-s7,energy-dem,7,15,599112.0,20.2,33391.3,22719.8,85.188,1797.2,1.0,0,0.3969,A-dem-eta0.5-average,33063.4,597.1,1.76,0.5,average,20
2026-10-R1,E1-distance-t15-s8,distance,8,15,594607.0,17.9,34012.7,21862.5,81.891,1851.8,1.0,0,0.7792,A-distance,33940.0,,,0.5,average,20
2026-10-R1,E1-energy-dem-t15-s8,energy-dem,8,15,598858.0,20.6,33097.7,22575.5,84.611,1786.0,1.0,0,0.4153,A-dem-eta0.5-average,33063.4,915.0,2.69,0.5,average,20
2026-10-R1,E1-distance-t15-s9,distance,9,15,595052.0,17.5,34138.4,21977.9,82.337,1858.1,1.0,0,0.7254,A-distance,33940.0,,,0.5,average,20
2026-10-R1,E1-energy-dem-t15-s9,energy-dem,9,15,598961.0,20.9,33263.5,22602.9,84.887,1792.2,1.0,0,0.3276,A-dem-eta0.5-average,33063.4,874.9,2.56,0.5,average,20
2026-10-R1,E1-distance-t15-s10,distance,10,15,595342.0,17.8,34312.9,22044.5,82.628,1874.5,1.0,0,0.5956,A-distance,33940.0,,,0.5,average,20
2026-10-R1,E1-energy-dem-t15-s10,energy-dem,10,15,599007.0,20.6,33199.6,22516.0,84.571,1796.8,1.0,0,0.6038,A-dem-eta0.5-average,33063.4,1113.3,3.24,0.5,average,20
2026-10-R1,E1-distance-t60-s1,distance,1,60,595145.0,62.6,34121.3,22008.2,82.431,1856.6,1.0,0,0.6519,A-distance,33940.0,,,0.5,average,20
2026-10-R1,E1-energy-dem-t60-s1,energy-dem,1,60,598761.0,65.6,33060.4,22491.7,84.238,1781.4,1.0,0,0.4998,A-dem-eta0.5-average,33063.4,1060.9,3.11,0.5,average,20
2026-10-R1,E1-distance-t60-s2,distance,2,60,595092.0,62.8,34146.4,21993.5,82.378,1859.2,1.0,0,0.6716,A-distance,33940.0,,,0.5,average,20
2026-10-R1,E1-energy-dem-t60-s2,energy-dem,2,60,598870.0,68.7,33172.7,22640.0,84.892,1788.4,1.0,0,0.3123,A-dem-eta0.5-average,33063.4,973.7,2.85,0.5,average,20
2026-10-R1,E1-distance-t60-s3,distance,3,60,594831.0,64.2,34023.5,21906.5,82.115,1848.2,1.0,0,0.7066,A-distance,33940.0,,,0.5,average,20
2026-10-R1,E1-energy-dem-t60-s3,energy-dem,3,60,598696.0,68.8,32996.8,22507.1,84.342,1778.3,1.0,0,0.4582,A-dem-eta0.5-average,33063.4,1026.7,3.02,0.5,average,20
2026-10-R1,E1-distance-t60-s4,distance,4,60,594848.0,64.8,34010.5,21932.2,82.134,1845.5,1.0,0,0.4288,A-distance,33940.0,,,0.5,average,20
2026-10-R1,E1-energy-dem-t60-s4,energy-dem,4,60,598768.0,69.2,33068.5,22684.0,85.007,1780.0,1.0,0,0.2731,A-dem-eta0.5-average,33063.4,942.0,2.77,0.5,average,20
2026-10-R1,E1-distance-t60-s5,distance,5,60,595092.0,63.8,34146.4,21993.5,82.378,1859.2,1.0,0,0.6825,A-distance,33940.0,,,0.5,average,20
2026-10-R1,E1-energy-dem-t60-s5,energy-dem,5,60,598866.0,67.5,33171.4,22572.7,84.649,1794.8,1.0,0,0.5973,A-dem-eta0.5-average,33063.4,975.0,2.86,0.5,average,20
2026-10-R1,E1-distance-t60-s6,distance,6,60,594740.0,64.7,34033.2,21868.4,82.026,1858.0,1.0,0,0.7585,A-distance,33940.0,,,0.5,average,20
2026-10-R1,E1-energy-dem-t60-s6,energy-dem,6,60,598691.0,66.5,32995.5,22439.8,84.099,1784.7,1.0,0,0.7058,A-dem-eta0.5-average,33063.4,1037.7,3.05,0.5,average,20
2026-10-R1,E1-distance-t60-s7,distance,7,60,594778.0,63.4,33988.4,21906.5,82.062,1844.2,1.0,0,0.8047,A-distance,33940.0,,,0.5,average,20
2026-10-R1,E1-energy-dem-t60-s7,energy-dem,7,60,599112.0,66.7,33391.3,22719.8,85.188,1797.2,1.0,0,0.3969,A-dem-eta0.5-average,33063.4,597.1,1.76,0.5,average,20
2026-10-R1,E1-distance-t60-s8,distance,8,60,594607.0,63.6,34012.7,21862.5,81.891,1851.8,1.0,0,0.7792,A-distance,33940.0,,,0.5,average,20
2026-10-R1,E1-energy-dem-t60-s8,energy-dem,8,60,598844.0,66.3,33097.7,22575.5,84.611,1786.0,1.0,0,0.38,A-dem-eta0.5-average,33063.4,915.0,2.69,0.5,average,20
2026-10-R1,E1-distance-t60-s9,distance,9,60,595052.0,63.4,34138.4,21977.9,82.337,1858.1,1.0,0,0.7254,A-distance,33940.0,,,0.5,average,20
2026-10-R1,E1-energy-dem-t60-s9,energy-dem,9,60,598961.0,66.9,33263.5,22602.9,84.887,1792.2,1.0,0,0.3276,A-dem-eta0.5-average,33063.4,874.9,2.56,0.5,average,20
2026-10-R1,E1-distance-t60-s10,distance,10,60,595342.0,63.2,34312.9,22044.5,82.628,1874.5,1.0,0,0.5956,A-distance,33940.0,,,0.5,average,20
2026-10-R1,E1-energy-dem-t60-s10,energy-dem,10,60,599007.0,66.6,33199.6,22516.0,84.571,1796.8,1.0,0,0.6038,A-dem-eta0.5-average,33063.4,1113.3,3.24,0.5,average,20
2026-10-R1,E1-distance-t300-s1,distance,1,300,595052.0,302.6,34100.8,21977.9,82.337,1856.2,1.0,0,0.7304,A-distance,33940.0,,,0.5,average,20
2026-10-R1,E1-energy-dem-t300-s1,energy-dem,1,300,598760.0,305.0,33060.4,22491.7,84.238,1781.4,1.0,0,0.4934,A-dem-eta0.5-average,33063.4,1040.4,3.05,0.5,average,20
2026-10-R1,E1-distance-t300-s2,distance,2,300,594999.0,302.6,34125.9,21963.2,82.284,1858.8,1.0,0,0.7341,A-distance,33940.0,,,0.5,average,20
2026-10-R1,E1-energy-dem-t300-s2,energy-dem,2,300,598870.0,305.1,33172.7,22640.0,84.892,1788.4,1.0,0,0.3123,A-dem-eta0.5-average,33063.4,953.2,2.79,0.5,average,20
2026-10-R1,E1-distance-t300-s3,distance,3,300,594778.0,302.6,33988.4,21906.5,82.062,1844.2,1.0,0,0.8566,A-distance,33940.0,,,0.5,average,20
2026-10-R1,E1-energy-dem-t300-s3,energy-dem,3,300,598696.0,305.9,32996.8,22507.1,84.342,1778.3,1.0,0,0.4582,A-dem-eta0.5-average,33063.4,991.6,2.92,0.5,average,20
2026-10-R1,E1-distance-t300-s4,distance,4,300,594755.0,302.8,33990.0,21901.9,82.04,1845.1,1.0,0,0.5009,A-distance,33940.0,,,0.5,average,20
2026-10-R1,E1-energy-dem-t300-s4,energy-dem,4,300,598709.0,305.5,33010.0,22488.6,84.252,1777.8,1.0,0,0.3864,A-dem-eta0.5-average,33063.4,980.0,2.88,0.5,average,20
2026-10-R1,E1-distance-t300-s5,distance,5,300,594999.0,303.1,34125.9,21963.2,82.284,1858.8,1.0,0,0.7354,A-distance,33940.0,,,0.5,average,20
2026-10-R1,E1-energy-dem-t300-s5,energy-dem,5,300,598865.0,305.4,33171.4,22572.7,84.649,1794.8,1.0,0,0.5909,A-dem-eta0.5-average,33063.4,954.5,2.8,0.5,average,20
2026-10-R1,E1-distance-t300-s6,distance,6,300,594554.0,302.7,33977.6,21862.5,81.838,1847.8,1.0,0,0.8458,A-distance,33940.0,,,0.5,average,20
2026-10-R1,E1-energy-dem-t300-s6,energy-dem,6,300,598691.0,305.6,32995.5,22439.8,84.099,1784.7,1.0,0,0.7058,A-dem-eta0.5-average,33063.4,982.1,2.89,0.5,average,20
2026-10-R1,E1-distance-t300-s7,distance,7,300,594778.0,302.7,33988.4,21906.5,82.062,1844.2,1.0,0,0.8047,A-distance,33940.0,,,0.5,average,20
2026-10-R1,E1-energy-dem-t300-s7,energy-dem,7,300,598924.0,305.3,33040.6,22550.9,84.457,1779.1,1.0,0,0.5893,A-dem-eta0.5-average,33063.4,947.8,2.79,0.5,average,20
2026-10-R1,E1-distance-t300-s8,distance,8,300,594554.0,302.5,33977.6,21862.5,81.838,1847.8,1.0,0,0.9292,A-distance,33940.0,,,0.5,average,20
2026-10-R1,E1-energy-dem-t300-s8,energy-dem,8,300,598724.0,305.7,33010.0,22488.6,84.252,1777.8,1.0,0,0.4909,A-dem-eta0.5-average,33063.4,967.6,2.85,0.5,average,20
2026-10-R1,E1-distance-t300-s9,distance,9,300,595052.0,302.7,34138.4,21977.9,82.337,1858.1,1.0,0,0.7254,A-distance,33940.0,,,0.5,average,20
2026-10-R1,E1-energy-dem-t300-s9,energy-dem,9,300,598961.0,305.9,33263.5,22602.9,84.887,1792.2,1.0,0,0.3276,A-dem-eta0.5-average,33063.4,874.9,2.56,0.5,average,20
2026-10-R1,E1-distance-t300-s10,distance,10,300,595289.0,302.8,34277.8,22044.5,82.575,1870.5,1.0,0,0.6815,A-distance,33940.0,,,0.5,average,20
2026-10-R1,E1-energy-dem-t300-s10,energy-dem,10,300,599007.0,305.4,33199.6,22516.0,84.571,1796.8,1.0,0,0.6038,A-dem-eta0.5-average,33063.4,1078.2,3.15,0.5,average,20
